first_name,slogan,job,company,favorite_animal,other
JosÃ©phine,Multi-tiered systemic info-mediaries,Research and Development,King and Sons,"Boa, cook's tree",
OphÃ©lie,Quality-focused regional adapter,Business Development,Jacobs Inc,"Lemur, lesser mouse",
YÃ¨,Open-architected object-oriented help-desk,Engineering,Frami and Sons,Small-toothed palm civet,
EstÃ©e,Switchable value-added hierarchy,,Rowe LLC,Green-backed heron,
MÃ ,Quality-focused systematic analyzer,Services,"Grant, Kunde and McDermott","Crab, red lava",
JÃº,Multi-layered zero tolerance definition,Sales,,"Hartebeest, coke's",
EsbjÃ¶rn,Horizontal actuating matrix,Research and Development,"Stoltenberg, Tremblay and Kerluke","Corella, long-billed",â‚€â‚â‚‚
Marie-Ã¨ve,Operative bi-directional project,Engineering,"Dickinson, Gaylord and Herman","Turtle, long-necked",
Ã…ke,Versatile multi-tasking pricing structure,Human Resources,Harvey-Dibbert,Nilgai,
LÃ©one,Versatile discrete task-force,Product Management,,,
IrÃ¨ne,Public-key asynchronous hierarchy,Legal,Langosh-Conroy,"Phalarope, red",NIL
KÃ¹,Multi-layered 6th generation leverage,Product Management,"Lehner, Aufderhar and Hettinger","Badger, eurasian",
CloÃ©,Front-line object-oriented toolset,Legal,Pollich-Kunde,"Elephant, african",
JudicaÃ«l,Networked reciprocal database,Services,Jacobi-Olson,Black kite,
NaÃ©va,Monitored systemic open architecture,Business Development,Kunze and Sons,Uinta ground squirrel,
AdÃ¨le,Decentralized scalable task-force,Human Resources,Maggio-Bauch,Blue wildebeest,
Marie-hÃ©lÃ¨ne,Intuitive mobile groupware,Accounting,Orn and Sons,Egyptian viper,
SÃ²ng,Compatible 6th generation time-frame,Accounting,Jacobson-Toy,"Rabbit, eastern cottontail",
AlmÃ©rinda,Cloned even-keeled function,Training,Kuphal Group,Lesser mouse lemur,
ZhÃ¬,Sharable multimedia matrix,Legal,Kassulke and Sons,"Wallaby, dama",
AurÃ©lie,Networked value-added instruction set,Legal,Shanahan Group,Red-necked wallaby,
NaÃ«lle,Exclusive dynamic intranet,Research and Development,"Marvin, Konopelski and Witting","Cat, kaffir",
Marie-Ã¨ve,Focused zero administration synergy,Human Resources,"Conroy, Casper and Hayes",Sloth bear,
ClÃ©mentine,Self-enabling bottom-line policy,Human Resources,Osinski-Sawayn,Common grenadier,
BÃ©nÃ©dicte,Ergonomic client-driven toolset,Legal,Torphy-Okuneva,"Magpie, black-backed",
ClÃ©opatre,Centralized incremental software,Accounting,Towne LLC,Northern phalarope,
GarÃ§on,Ergonomic non-volatile core,Engineering,Monahan Inc,"Badger, european",
GaÃ¯a,Polarised interactive synergy,Business Development,"Stoltenberg, Skiles and Dach",Puna ibis,
KuÃ­,Function-based exuding structure,Services,"Nolan, Feeney and Mueller",Arctic tern,
LÃ©ane,Front-line well-modulated budgetary management,Legal,McCullough-White,African pied wagtail,
MÃ©diamass,Upgradable bifurcated productivity,Legal,Frami LLC,Tree porcupine,
ClÃ©mentine,Progressive bifurcated emulation,,"Pagac, Huel and Lakin",Egyptian vulture,
LÃ©onore,Switchable bifurcated architecture,Support,Kuhlman-Hegmann,House sparrow,
AndrÃ©anne,Virtual value-added system engine,Support,,Kinkajou,
MaÃ«ly,Implemented regional projection,Business Development,"Lemke, McKenzie and Leffler","Siskin, pine",
CloÃ©,Cross-group 6th generation hardware,Research and Development,Schamberger-Hahn,"Hawk, galapagos",
VÃ©ronique,Robust multi-state process improvement,Research and Development,Metz and Sons,Two-toed tree sloth,
MÃ©thode,Centralized didactic alliance,Sales,O'Connell Group,Tiger snake,â€©testâ€©
MarylÃ¨ne,Profound scalable interface,Engineering,Hammes-Reinger,Giant armadillo,
YÃ¡o,Future-proofed disintermediate complexity,Services,"Schamberger, Hodkiewicz and Gottlieb","Ibis, glossy",
KallistÃ©,Open-architected background time-frame,Business Development,"Spencer, Deckow and Ward",Large-eared bushbaby,
MilÃ©na,Intuitive intangible internet solution,Support,"Fadel, Fadel and Stark",Sidewinder,
DÃ¹,Re-contextualized zero tolerance open architecture,Engineering,Becker-Breitenberg,Honey badger,
LÃ©n,Adaptive heuristic matrices,Services,"Nienow, Gleichner and Kemmer",Eastern boa constrictor,
CÃ©line,Organic tertiary standardization,Services,Walker LLC,"Hornbill, red-billed",
GaÃ¯a,Inverse impactful utilisation,Engineering,Balistreri and Sons,"Waterbuck, common",
ErwÃ©i,Synergistic needs-based hub,,Brekke LLC,Giant girdled lizard,â¤ï¸ ğŸ’” ğŸ’Œ ğŸ’• ğŸ’ ğŸ’“ ğŸ’— ğŸ’– ğŸ’˜ ğŸ’ ğŸ’Ÿ ğŸ’œ ğŸ’› ğŸ’š ğŸ’™
IrÃ¨ne,Assimilated fresh-thinking forecast,Business Development,Braun and Sons,"Heron, yellow-crowned night",
MÃ©lanie,Reactive incremental access,Services,"Schiller, Schoen and Buckridge",Red-winged hawk (unidentified),ï¾Ÿï½¥âœ¿ãƒ¾â•²(ï½¡â—•â€¿â—•ï½¡)â•±âœ¿ï½¥ï¾Ÿ
GÃ¶ran,Centralized optimizing customer loyalty,Support,"Stehr, Runolfsson and Walter",Thirteen-lined squirrel,
KÃ©vina,Proactive modular leverage,Business Development,"Kihn, Hand and Wiegand","Pelican, australian",
KÃ©vina,Right-sized transitional process improvement,Services,Ryan-Wunsch,"Wolf, timber",'
CÃ©cile,Proactive mobile knowledge user,Business Development,"Beer, Mayert and Jakubowski",Brindled gnu,
RÃ©servÃ©s,Progressive object-oriented superstructure,Engineering,Raynor and Sons,"Possum, ring-tailed",
LaÃ¯la,Assimilated demand-driven function,Product Management,"Pacocha, Berge and Purdy","Crab, red lava",
LaurÃ©na,Quality-focused multimedia superstructure,Legal,Pagac LLC,"Beaver, european",
BÃ©cassine,Monitored client-driven superstructure,,"Schuppe, McKenzie and Weissnat","Gazelle, thomson's",
DaniÃ¨le,Open-source bottom-line methodology,Research and Development,"Nolan, Kerluke and Murray",Red-headed woodpecker,
YÃ³u,Stand-alone non-volatile focus group,,"Wilderman, McGlynn and Kozey","Puffin, horned",
MÃ¤rta,Multi-channelled well-modulated alliance,Business Development,Paucek-Rohan,Asian water buffalo,
MÃ¤rta,Exclusive optimizing info-mediaries,Marketing,"Lockman, Schmeler and Quigley","Otter, small-clawed",
JÃº,Balanced modular success,Accounting,Ruecker LLC,"Jackal, silver-backed",
AmÃ©lie,Devolved clear-thinking adapter,,Gleichner-Kling,Asian foreset tortoise,
RuÃ²,Cross-platform reciprocal system engine,Services,"Yundt, Dietrich and Grimes",Large cormorant,
TÃ¡n,Persistent 4th generation alliance,Product Management,Goyette-Jones,Asian elephant,
NÃ©lie,Extended 6th generation toolset,Accounting,"Aufderhar, Abernathy and Medhurst","Finch, common melba",
NuÃ³,Object-based system-worthy matrices,Engineering,,Eurasian badger,
MilÃ©na,Pre-emptive heuristic neural-net,Engineering,,Steller sea lion,
GÃ©rald,Quality-focused solution-oriented framework,Sales,"Daniel, Windler and Schmidt","Phalarope, red",
GaÃ¯a,Networked homogeneous encoding,Product Management,Mann-Weber,Galapagos penguin,
SÃ©verine,Triple-buffered 5th generation instruction set,Research and Development,"Borer, Stokes and Carter",Purple moorhen,
MaÃ¯lys,Grass-roots mission-critical workforce,Business Development,Adams Group,"Gull, swallow-tail",
CamÃ©lia,Polarised national project,Engineering,,Gelada baboon,
RÃ©gine,Automated stable emulation,Human Resources,Marks and Sons,American black bear,
OphÃ©lie,Configurable zero defect approach,Accounting,"Hammes, O'Hara and Wyman",Long-tailed spotted cat,
BÃ©rangÃ¨re,Future-proofed multi-tasking internet solution,Training,"Funk, Kerluke and Robel",Nilgai,
Marie-hÃ©lÃ¨ne,User-friendly national Graphical User Interface,Human Resources,"Witting, Schultz and McKenzie","Goose, cape barren",
EliÃ¨s,Cloned motivating capacity,Sales,Nolan-Jerde,"Gorilla, western lowland",
Ã…slÃ¶g,Total value-added system engine,Business Development,Hauck-Boehm,,
AnnotÃ©e,Triple-buffered client-driven access,Business Development,"Upton, Mosciski and Gerlach","Parakeet, rose-ringed",
AdÃ©laÃ¯de,Fully-configurable discrete adapter,Marketing,Kessler-Prosacco,Olive baboon,
RÃ©gine,Quality-focused grid-enabled methodology,Product Management,Wisozk Group,Osprey,
MahÃ©lie,Reduced neutral encryption,Support,Maggio-Graham,American crow,â€ªâ€ªtestâ€ª
AlizÃ©e,Focused impactful workforce,Support,Vandervort Group,Fork-tailed drongo,
LÃ©onore,Organized real-time system engine,Legal,"Batz, Lynch and Pagac","Marshbird, brown and yellow",
DafnÃ©e,Automated empowering project,Engineering,Runolfsson and Sons,,
NoÃ«lla,Sharable object-oriented algorithm,Business Development,"Zieme, Pagac and Williamson","Pintail, bahama",
HÃ¥kan,Pre-emptive eco-centric core,Legal,"Feil, Mayert and Corwin",Pale-throated three-toed sloth,
LÃ¨i,Customizable methodical task-force,Business Development,Kerluke Group,"Seal, common",
MaÃ¯,Ergonomic actuating monitoring,Human Resources,"Hudson, Predovic and Schaefer",Golden brush-tailed possum,
StÃ©phanie,Reduced neutral policy,Support,Hegmann Group,Common eland,
PublicitÃ©,Focused optimizing info-mediaries,Business Development,Hilpert Group,"Shrike, southern white-crowned",
MaÃ¯lis,Organic system-worthy matrix,Business Development,Reynolds-Bogan,Pied avocet,
LÃ¨i,Horizontal stable projection,Sales,Brown LLC,"Duck, blue",
NadÃ¨ge,Enhanced stable project,Human Resources,Weimann and Sons,"Elephant, african",
MÃ¤rta,Re-engineered regional time-frame,Training,"Armstrong, Green and Walsh",Wattled crane,
MÃ¥rten,Self-enabling 4th generation access,Training,Hilll Group,Black bear,"""'""'""''''"""
Ã–rjan,Multi-channelled actuating methodology,Research and Development,Ziemann-Murray,"Deer, barasingha",
Ã…slÃ¶g,Balanced asymmetric synergy,Sales,Kohler-Daugherty,Western patch-nosed snake,
PÃ©nÃ©lope,Monitored multi-state benchmark,Legal,"Cole, Bayer and Osinski",Azara's zorro,
JÃº,Persistent mission-critical migration,,"Prosacco, Kuhn and Legros",Killer whale,
MarlÃ¨ne,Monitored zero tolerance parallelism,Engineering,Mills and Sons,Cobra (unidentified),Ì—ÌºÍ–Ì¹Ì¯Í“TÌ±Ì¤ÍÌ¥Í‡ÍˆhÍÌ²eÍÍ“Ì¼Ì—Ì™Ì¼Ì£Í” Í‡ÌœÌ±Ì Í“ÍÍ…NÍ Í•eÌ—Ì±zÌ˜ÌÌœÌºÍ™pÌ¤ÌºÌ¹ÍÌ¯ÍšeÍœÌ Ì»Ì rÌ¨Ì¤ÍÌºÌ–Í”Ì–Ì–dÍŸÌ ÌŸÌ­Ì¬ÌiÌ¦Í–Ì©Í“Í”Ì¤aÌ Ì—Ì¬Í‰Ì™nÍœÍš Ì»ÌÌ°ÍšÍ…hÌµÍ‰iÌ³ÌvÌ¢Í‡eÍŸÌ­Í-Ò‰Ì­Ì©Ì¼Í”mÌ¤Ì­Ì«iÍ•Í‡ÌÌ¦nÌ—Í™dÌ£ÌŸ ÍÌ¯Ì²Í•oÌ¨ÌŸÌ¯Ì°Ì²Í™Ì»Ìf Í˜ÌªÌ°Ì°Ì—Ì–Ì­Ì˜cÌ¦ÍÌ²ÌÍÌ©Ì™hÌ£ÍšaÍœÌ®ÍÌŸÌ™oÌ›Ì©Ì¹ÍsÌ¤.ÌÌ Ò‰ZÌ¡Ì–ÌœÍ–Ì°Ì£Í‰ÌœaÍ¡Í–Ì°Í™Ì¬lÌ²Ì«Ì³ÍÌ©gÌ¡ÌŸÌ¼Ì±ÍšÌÌ¬Í…oÍœÌ—.ÌŸ
MaÃ«lle,Team-oriented 24/7 function,Engineering,Koss LLC,Striped dolphin,
MÃ¥ns,Profit-focused fresh-thinking hierarchy,Sales,Kub-Zieme,Groundhog,
MÃ©lissandre,Future-proofed needs-based intranet,Engineering,Harvey Group,Bahama pintail,
PublicitÃ©,Multi-channelled motivating collaboration,Support,Russel-Smith,Four-horned antelope,
ErwÃ©i,Object-based object-oriented secured line,Marketing,"Wolf, Douglas and Bradtke",Yellow-billed stork,
SÃ©lÃ¨ne,Programmable human-resource paradigm,Training,Daniel LLC,,
AnaÃ«l,Digitized 4th generation productivity,Sales,"Rohan, Schiller and Reilly","Spoonbill, white",
Marie-hÃ©lÃ¨ne,Managed tertiary knowledge user,Support,Bode-Schneider,Fairy penguin,1/2
AdÃ©lie,Reactive attitude-oriented help-desk,Accounting,,Snake-necked turtle,
GaÃ©tane,Intuitive dedicated emulation,Services,Walter-Borer,Grey lourie,
LorÃ¨ne,Up-sized disintermediate policy,,O'Reilly-Wolf,"Tern, white-winged black",
AloÃ¯s,Assimilated client-server model,Research and Development,Kunde-Williamson,"Vulture, white-headed",
HÃ¥kan,Switchable maximized interface,Support,"Deckow, Erdman and Kihn",Brown pelican,
PublicitÃ©,Programmable bifurcated open architecture,Sales,"Runte, Emard and Stanton",Indian jackal,
MaÃ¯ly,Switchable solution-oriented portal,Marketing,Jaskolski Inc,"Hornbill, southern ground",
MaÃ«line,Phased 24 hour artificial intelligence,Business Development,Weber and Sons,Common nighthawk,
MÃ©ghane,Multi-tiered clear-thinking access,Business Development,Moore-Satterfield,Roan antelope,
WÃ¡,Re-contextualized zero administration orchestration,Marketing,,Emerald-spotted wood dove,",ã€‚ãƒ»:*:ãƒ»ã‚œâ€™( â˜» Ï‰ â˜» )ã€‚ãƒ»:*:ãƒ»ã‚œâ€™"
DaniÃ¨le,Re-engineered background flexibility,Accounting,"Littel, Yundt and Kshlerin","Squirrel, european red",
MaÃ¯tÃ©,Inverse responsive projection,Legal,Lubowitz Inc,Carmine bee-eater,
MichÃ¨le,Decentralized contextually-based complexity,Support,Upton-Harber,"Pie, indian tree",
OphÃ©lie,Cross-platform dynamic installation,Human Resources,"Metz, Considine and Cronin","Fox, pampa gray",
IrÃ¨ne,Customizable encompassing firmware,Training,Shields-Runte,"Rabbit, eastern cottontail",
BÃ©cassine,Managed encompassing array,Research and Development,Mann and Sons,Indian star tortoise,
AnaÃ¯s,Expanded interactive superstructure,Marketing,"Gerlach, Pacocha and Sanford",Blue and yellow macaw,
OphÃ©lie,Advanced even-keeled access,Human Resources,,"Mongoose, small indian",
FranÃ§oise,Exclusive intangible analyzer,Support,"Senger, McCullough and Bergstrom","Monkey, rhesus",
IrÃ¨ne,Universal 5th generation neural-net,Legal,Murazik Group,"Cat, ringtail",
DorothÃ©e,Triple-buffered empowering customer loyalty,Sales,"Gibson, Leannon and Abernathy",Red-headed woodpecker,
AnaÃ«lle,Networked national benchmark,,D'Amore Inc,,
CamÃ©lia,Ergonomic user-facing product,Legal,Beier-Mayer,"Deer, roe",
Marie-Ã¨ve,Operative solution-oriented focus group,Marketing,"Schoen, Schmeler and Thiel",Griffon vulture,
MÃ¥ns,Reverse-engineered zero tolerance task-force,Human Resources,"Hane, Schroeder and Funk",,
MÃ¥ns,Ergonomic didactic methodology,Human Resources,Huel-Cole,"Tern, arctic",
MaÃ«lann,Front-line intermediate project,Engineering,"Blick, Braun and Kuphal","Macaque, bonnet",
OcÃ©ane,Innovative client-driven ability,Engineering,"Walter, Kohler and Huels",Black-winged stilt,
ClÃ©lia,Team-oriented exuding core,Marketing,"O'Hara, Considine and Runolfsson","Gorilla, western lowland",
MaÃ¯wenn,Expanded composite focus group,Research and Development,"Rice, Harber and Metz","Peccary, collared",
ChloÃ©,Open-source 5th generation solution,Training,Shields-Smitham,"Marmot, yellow-bellied",
GÃ¶rel,Digitized high-level instruction set,Services,Braun-Greenholt,Grison,
MÃ©lissandre,Devolved real-time strategy,Business Development,Rau-Purdy,"Bandicoot, southern brown",
AnnotÃ©s,Compatible content-based function,Sales,,Cheetah,
CÃ©cile,Programmable human-resource middleware,Engineering,Dicki and Sons,Black vulture,
Marie-josÃ©e,Multi-channelled disintermediate budgetary management,Services,"Adams, Schmidt and Dare",,
GÃ©rald,Extended actuating functionalities,Marketing,"Conroy, Gaylord and Willms",Pacific gull,
ElÃ©a,Secured 5th generation task-force,Accounting,McDermott-Hermann,,"<>?:""{}|_+"
AnnotÃ©e,Advanced directional process improvement,Engineering,Klein-Herzog,,
MaÃ¯,Re-contextualized multi-state flexibility,Business Development,"Smitham, Rutherford and O'Hara",Herring gull,
AnaÃ«l,Optimized asynchronous paradigm,,Weimann Group,"Cat, cape wild","""''''""'"""
LaurÃ©na,Quality-focused 3rd generation artificial intelligence,Sales,Reichel Inc,,
WÃ¡,Realigned 6th generation service-desk,Services,Marvin LLC,Black spider monkey,
AdÃ©lie,Intuitive heuristic support,Support,"Feil, Veum and Jones",Flightless cormorant,
GarÃ§on,Secured optimizing workforce,Accounting,Jacobs Group,Ring dove,
MaÃ©na,Virtual reciprocal application,Training,Reilly and Sons,Asiatic jackal,
TorbjÃ¶rn,Streamlined fresh-thinking toolset,Business Development,Gislason-Emard,"Lizard, collared",
MÃ©lia,Exclusive systematic concept,Human Resources,"Stanton, Goodwin and Turcotte",Woodrat (unidentified),
SolÃ¨ne,Upgradable multi-state matrices,Business Development,Rath-Hilpert,"Egret, snowy",
Ã…sa,Realigned bandwidth-monitored project,Marketing,"Berge, Spencer and Connelly","Cardinal, black-throated",
NoÃ«lla,Focused analyzing secured line,Marketing,Wolf-Ebert,Great horned owl,
RÃ©jane,Open-architected 6th generation array,Support,Considine Group,"Turkey, common",
MaÃ©na,Re-contextualized client-server attitude,Business Development,Schmidt LLC,Beisa oryx,
MaÃ«lle,Streamlined logistical superstructure,Business Development,Powlowski-Schamberger,"Heron, green-backed",
JosÃ©e,Configurable exuding software,Support,"Daugherty, Skiles and Bailey",Superb starling,
OcÃ©anne,Monitored motivating instruction set,Human Resources,Torp Inc,"Baboon, olive",
EstÃ¨ve,Synergized stable ability,Engineering,Turner LLC,Desert spiny lizard,() { _; } >_[$($())] { touch /tmp/blns.shellshock2.fail; }
CloÃ©,Stand-alone discrete conglomeration,Research and Development,"Wintheiser, Williamson and Herman","Weaver, red-billed buffalo",
StÃ©vina,Reverse-engineered leading edge infrastructure,Services,"Kreiger, Pacocha and Pouros","Dove, mourning collared",TÌ•Ì­ÌºÌºoÍ Ì·iÌ²Ì¬Í‡ÌªÍ™nÌÌ—Í•vÍŸÌŸÌœÌ˜Ì¦oÌ¶Ì™Ì°Ì keÍ€ÍšÌ®ÌºÌªÌ¹Ì±Ì¤ Ì–tÍÌÍ•Ì³Ì£Ì»ÌªhÌ¼Í“Ì²Ì¦Ì³Ì˜Ì²eÍ‡Ì£Ì°Ì¦Ì¬Í Ì¢Ì¼Ì»Ì±Ì˜hÍ…ÍšÍÍ™ÌœÌ£Ì²iÌ¦Ì²Ì£Ì°Ì¤vÌ»ÍeÌºÌ­Ì³ÌªÌ°-mÌ¢iÍ…nÌ–ÌºÌÌ²Ì¯Ì°dÌµÌ¼ÌŸÍ™Ì©Ì¼Ì˜Ì³ ÌÌ¥Ì±Ì³Ì­rÌ›Ì—Ì˜eÍ™pÍ rÌ¼ÌÌ»Ì­Ì—eÍŸÌºÌ Ì£sÌ˜Í‡Ì³ÍÌÍ‰eÍœÍ‰Ì¥Ì¯ÌÌ²ÍšÌ¬nÍ€Ì¬ÍÍÌŸÌ–Í‡Ì¤tÍ˜ÍÌ¬Í…Ì¤Í“Ì¼Ì­iÌªÌ±nÍ gÌ´Í‰ ÍÍ‰Í…cÌ¬ÌŸhÍ¡aÍ˜Ì«Ì»Ì¯oÌ«ÌŸÌ–ÍÌ™ÌÍ‰sÌ—Ì¦Ì².Ì¨Ì¹ÍˆÌ£
CÃ©line,Advanced maximized toolset,Marketing,Hilpert and Sons,Brush-tailed bettong,
WÃ¡,User-centric incremental circuit,Support,Tremblay-Weber,,-1
JosÃ©phine,Innovative bifurcated matrices,Support,"Hoppe, Hermiston and Hills","Siskin, yellow-rumped",
LoÃ¯ca,Seamless attitude-oriented Graphical User Interface,Marketing,Sipes-Medhurst,Little cormorant,
NadÃ¨ge,Inverse neutral Graphical User Interface,Accounting,Koch-Watsica,"Dog, african wild",
AÃ­,Open-architected demand-driven methodology,Product Management,Smitham Inc,"Heron, striated",
EstÃ©e,Profit-focused neutral pricing structure,Business Development,"Kling, Daugherty and Johnson","Heron, gray",
LoÃ¯c,Adaptive system-worthy pricing structure,Human Resources,Bosco-Oberbrunner,Black and white colobus,
AnnotÃ©e,Re-engineered object-oriented task-force,Accounting,"Kshlerin, Terry and Effertz",Bare-faced go away bird,â°â´âµâ‚€â‚â‚‚
MaÃ«lle,Optional zero tolerance success,,Wisoky LLC,Grey mouse lemur,
AlmÃ©rinda,Fundamental actuating migration,Support,Smith Group,"Bunting, crested",
PublicitÃ©,Down-sized holistic Graphical User Interface,Support,"Casper, Schimmel and Prohaska","Hawk, galapagos",
MarlÃ¨ne,Enterprise-wide well-modulated leverage,Training,Jacobson-Maggio,"Bustard, denham's",
NÃ©lie,Fundamental actuating parallelism,Research and Development,Nader-Douglas,Cape white-eye,
Marie-noÃ«l,Cloned zero defect architecture,Accounting,Ondricka and Sons,"Starling, greater blue-eared",
EloÃ¯se,Total impactful circuit,Sales,Wehner and Sons,Helmeted guinea fowl,
MÃ¥rten,Assimilated multi-state circuit,Marketing,Schowalter Group,"Porcupine, north american",
MÃ©lanie,Synchronised national attitude,Services,Goodwin-Bergstrom,Steller sea lion,
Marie-hÃ©lÃ¨ne,Implemented web-enabled circuit,Support,Cassin-Hahn,Peregrine falcon,
MaÃ¯wenn,Seamless scalable hardware,Legal,Muller LLC,Desert kangaroo rat,
LaurÃ©na,Seamless solution-oriented monitoring,Legal,Yundt LLC,Dabchick,
MaÃ¯ly,Face to face empowering toolset,Marketing,D'Amore-Klocko,Civet cat,
HÃ©lÃ¨ne,Mandatory secondary model,Legal,,"Pademelon, red-legged",
LÃ©onie,Universal eco-centric hub,Sales,Greenfelder Inc,Galapagos dove,
Marie-thÃ©rÃ¨se,Public-key maximized collaboration,Business Development,Cronin Inc,Mountain goat,
LucrÃ¨ce,Synchronised bi-directional ability,Human Resources,Cummings LLC,Chilean flamingo,
BÃ©rangÃ¨re,Profound bottom-line database,Marketing,Wuckert-Bogan,Blue-tongued skink,
MaÃ¯tÃ©,Public-key motivating policy,Business Development,"Fay, Toy and Boyle",Brazilian otter,
ThÃ©rÃ¨se,Intuitive executive protocol,Business Development,Mills and Sons,"Phalarope, red",
GisÃ¨le,Enhanced content-based extranet,Business Development,Deckow-Lowe,White-throated kingfisher,
MÃ¤rta,Front-line encompassing policy,Support,Goyette and Sons,Crested barbet,
LoÃ¯s,Implemented 3rd generation solution,,Walter-Ziemann,Southern black-backed gull,
AudrÃ©anne,Front-line discrete throughput,Support,Walsh LLC,Racer snake,
AnnotÃ©e,Decentralized executive methodology,Sales,O'Keefe and Sons,"Eagle, tawny",
MaÃ«lle,Cross-platform systemic matrices,Support,"Reilly, Hoppe and Greenfelder","Lizard, blue-tongued",-1E2
MaÃ«line,Distributed asymmetric local area network,Sales,,"Phalarope, red-necked",
EliÃ¨s,Exclusive bi-directional database,Services,Gusikowski-Luettgen,Eastern dwarf mongoose,
LÃ©ana,Versatile heuristic algorithm,Product Management,Hilll Inc,Blue and yellow macaw,
LysÃ©a,Upgradable background functionalities,Services,O'Reilly Inc,"Raccoon, common",
MÃ©ryl,Advanced contextually-based framework,,Franecki and Sons,Gelada baboon,
MÃ©lissandre,Implemented directional definition,Legal,Steuber LLC,"Nuthatch, red-breasted",
AdÃ©laÃ¯de,Compatible 24 hour application,Support,,Green-backed heron,
LÃ©ane,Optional zero tolerance process improvement,Accounting,Huels Group,"Grouse, greater sage",
Marie-franÃ§oise,Cross-platform coherent data-warehouse,Marketing,Beatty-Oberbrunner,Mallard,
ClÃ©lia,Managed motivating productivity,Training,Will Inc,"Antelope, four-horned",
AlmÃ©rinda,Virtual 24/7 budgetary management,Business Development,"Labadie, Kunde and Heidenreich",Arctic hare,
EliÃ¨s,Future-proofed executive array,Services,"Gorczany, Ritchie and Connelly","Sloth, pale-throated three-toed",
AthÃ©na,Seamless multimedia knowledge base,Services,,Red hartebeest,
YÃ¨,Object-based zero administration initiative,Accounting,"Strosin, Lockman and Stracke",Brown brocket,(ï½¡â—• âˆ€ â—•ï½¡)
MÃ¤rta,Assimilated didactic productivity,Marketing,Nicolas Group,Olive baboon,
MÃ©diamass,Secured contextually-based encoding,Human Resources,,"Civet, small-toothed palm",
MÃ©line,Advanced regional synergy,Engineering,"Gerlach, Reichel and Wunsch",Tammar wallaby,
ThÃ©rÃ¨sa,Cross-platform mobile open system,Research and Development,Welch-Yundt,Griffon vulture,
CÃ©lia,Triple-buffered bottom-line strategy,Sales,"Deckow, Conroy and Corkery",Crab-eating fox,
CamÃ©lia,Configurable human-resource system engine,Legal,"Vandervort, Grant and Vandervort",Roseat flamingo,
LÃ¨i,Integrated stable archive,Human Resources,Kiehn-Heathcote,"Otter, north american river",
GaÃ©tane,Reduced client-server data-warehouse,Legal,Boyer-Barrows,African buffalo,
NaÃ«lle,Digitized uniform ability,Support,Parisian and Sons,"Oryx, fringe-eared",
Marie-josÃ©e,Versatile tangible parallelism,Engineering,Gislason LLC,"Rhea, greater",
DesirÃ©e,Persevering content-based implementation,Support,,Arctic tern,
AmÃ©lie,Enhanced grid-enabled definition,Human Resources,Howell Group,"Sifaka, verreaux's",
GaÃ¯a,Synergistic multi-tasking matrices,Support,Streich Inc,"Vulture, bengal",
PÃ©lagie,Business-focused 24 hour benchmark,Human Resources,"Padberg, Corwin and Cartwright","Echidna, short-beaked",
AndrÃ©anne,Proactive attitude-oriented emulation,Services,Mraz-O'Reilly,"Lizard, mexican beaded",
DesirÃ©e,Open-source local Graphical User Interface,Support,Zulauf-Parker,Great white pelican,
SÃ²ng,Down-sized methodical neural-net,Services,Schaefer-Hayes,Eastern white pelican,
CinÃ©ma,Realigned client-server array,,Padberg and Sons,"Skink, blue-tongued",
DÃ¹,Re-contextualized radical adapter,Services,Renner LLC,Eastern quoll,
FaÃ®tes,Robust 3rd generation infrastructure,,Kuhn LLC,Great cormorant,
MÃ©lina,Phased bandwidth-monitored definition,Support,Pollich-Collier,"Marshbird, brown and yellow",
ZhÃ¬,Extended zero tolerance function,Marketing,"Schimmel, Orn and Monahan",Amazon parrot (unidentified),
MÃ©ng,Expanded client-server groupware,Product Management,Windler-Schroeder,,
NoÃ«lla,Organic grid-enabled Graphical User Interface,Product Management,"Carroll, Dooley and Koss","Grenadier, purple",
LoÃ¯ca,Versatile responsive utilisation,Business Development,"Gaylord, Adams and Oberbrunner","Wallaby, bennett's",
AnnotÃ©e,Universal content-based hardware,Services,Hickle-Crooks,"Dove, rock",
Ã…slÃ¶g,Programmable asymmetric project,Engineering,,,
PÃ©nÃ©lope,User-centric heuristic Graphical User Interface,Sales,Stroman-Haley,"Dog, black-tailed prairie",
Ã–rjan,Reactive web-enabled service-desk,Research and Development,"Gusikowski, Kuhlman and Schroeder",Steenbuck,
OcÃ©ane,Triple-buffered intermediate system engine,Accounting,Bayer and Sons,Southern white-crowned shrike,
AngÃ©lique,Diverse client-server challenge,Sales,"Ritchie, Rempel and Kautzer","Puffin, horned",
TÃ¡ng,Total eco-centric portal,Research and Development,Kemmer Inc,Collared lizard,
AlizÃ©e,Digitized upward-trending protocol,Accounting,"Jones, Larkin and Gislason","Deer, barasingha",
DesirÃ©e,Devolved explicit customer loyalty,Support,Larkin-Yundt,Eurasian red squirrel,
AlmÃ©rinda,Reactive cohesive knowledge base,,"Predovic, Jerde and Erdman",Mocking cliffchat,
LoÃ¯c,Devolved multi-state ability,Human Resources,Langworth and Sons,"Flicker, campo",
MÃ©gane,Grass-roots background superstructure,Engineering,Beahan-Reilly,"Dove, ring",
DaphnÃ©e,Cross-platform methodical complexity,Sales,,Yellow mongoose,Ì¦HÍÌ¬Ì¤Ì—Ì¤eÍœ ÍÌœÌ¥ÌÌ»ÍÌŸwÌ•hÌ–Ì¯Í“oÌÍ™Ì–ÍÌ±Ì® Ò‰ÌºÌ™ÌÌŸÍˆWÌ·Ì¼Ì­aÌºÌªÍiÌ¨ÍˆÍ•Ì­Í™Ì¯ÌœtÌ¶Ì¼Ì®sÌ•Ì˜Í™Í– Ì Ì«Ì BÌ»ÍÍ…Í™Í‰Ì³eÌµhÌµÌ¬Í‡Ì«Í™iÌ•Ì¹Í“Ì³Ì³Ì®ÍÌ«nÍŸdÌ´ÌªÌœÌ– ÍÌ°Í‰Ì©Í…Í‡Í™Ì²TÍ¢Í–Ì¼Í“ÌªhÍÍ“Ì®Ì»eÌ¬ÌÍ…ÌŸ Ì¤Ì¹ÌWÍÍ…Í™ÌÌÍ”Í‡aÍÍ“Í”Ì¹Ì¼Ì£lÌ´Í”Ì°Ì¤ÌŸÍ”lÌ­Ì«.Í•
MÃ©ng,Customer-focused system-worthy array,Sales,Barrows-Moen,Horned puffin,
AthÃ©na,Robust coherent utilisation,,,Wolf spider,
MÃ©lys,Managed asynchronous moderator,Sales,Cruickshank-Wyman,"Lizard, goanna",
AnaÃ©,Expanded global database,Training,Balistreri and Sons,"Bandicoot, long-nosed",
CÃ©lia,Synergistic foreground implementation,Product Management,Bednar-VonRueden,Kongoni,â€©testâ€©
CÃ©lia,Reverse-engineered human-resource task-force,Training,Nader-McCullough,"Screamer, crested",
RÃ©becca,Adaptive multimedia concept,,Wisozk Inc,"Monster, gila",
MÃ©lys,Ameliorated directional flexibility,Support,,"Dolphin, common",
Ã…ke,Expanded methodical groupware,Accounting,Wisozk-Auer,Yellow-crowned night heron,
MaÃ«lyss,Realigned even-keeled model,Training,Boyer-Lueilwitz,"Woodpecker, red-headed",
BÃ©rengÃ¨re,Intuitive mission-critical approach,Support,"Romaguera, Bernier and Sanford",Sidewinder,
Marie-hÃ©lÃ¨ne,Persistent bandwidth-monitored methodology,Training,Connelly and Sons,Black-backed jackal,
AlizÃ©e,Phased fault-tolerant orchestration,Training,"Beatty, Ankunding and Kemmer","Goose, greylag",
CloÃ©,Quality-focused 5th generation application,Human Resources,Schroeder-Cremin,"Kingfisher, malachite",
RenÃ©e,Self-enabling dedicated structure,Product Management,Anderson and Sons,African ground squirrel (unidentified),
Ã…sa,Advanced optimizing info-mediaries,Research and Development,Crooks-Parisian,"Macaw, blue and yellow",
PÃ©nÃ©lope,Re-contextualized context-sensitive collaboration,Support,"Hills, Barrows and Homenick","Heron, grey",
MÃ©lia,Phased foreground migration,,"Kub, Labadie and Bergstrom","Tern, white-winged",ï¾Ÿï½¥âœ¿ãƒ¾â•²(ï½¡â—•â€¿â—•ï½¡)â•±âœ¿ï½¥ï¾Ÿ
GisÃ¨le,Re-engineered modular access,Business Development,Rutherford Group,Red deer,
LÃ©ane,Networked motivating toolset,Sales,,Brown pelican,(ï¾‰à²¥ç›Šà²¥ï¼‰ï¾‰ï»¿ â”»â”â”»
PÃ¥l,Balanced bottom-line focus group,Training,Stanton Group,,
DorothÃ©e,Team-oriented logistical function,Business Development,,Magellanic penguin,
ErwÃ©i,Balanced radical complexity,Product Management,,Common grenadier,
AnnotÃ©s,Adaptive multi-state leverage,Legal,,"Dragonfly, russian",
AnnotÃ©s,Self-enabling system-worthy methodology,Research and Development,"Crist, Halvorson and Metz",Leadbeateri's ground hornbill,
MÃ©thode,Re-contextualized cohesive matrices,Services,Green and Sons,Moose,
ValÃ©rie,User-centric fault-tolerant access,Services,Monahan and Sons,"Tortoise, galapagos",""""
NadÃ¨ge,Inverse non-volatile capacity,Accounting,"Treutel, Mertz and Dietrich",Native cat,
CÃ©cilia,Versatile executive collaboration,Accounting,"Schroeder, Gutkowski and Greenholt","Rhinoceros, square-lipped",
BÃ©nÃ©dicte,Seamless multi-tasking project,Training,,Giant girdled lizard,
Ã…slÃ¶g,Function-based actuating capability,Marketing,Bins and Sons,"Jackal, black-backed",
MÃ©gane,Face to face real-time attitude,Marketing,Abshire-Ritchie,"Vulture, oriental white-backed",
MaÃ«ly,Visionary intermediate circuit,Business Development,Kihn LLC,"Loris, slender",
DesirÃ©e,Object-based scalable structure,Support,Boyer Inc,"Whale, killer",
AndrÃ©e,Integrated regional installation,Marketing,Becker Group,"Glider, feathertail",
GÃ©rald,Adaptive next generation approach,Services,"O'Reilly, Bins and Rau","Ferret, black-footed",
DaphnÃ©e,Cloned regional leverage,Human Resources,Smitham and Sons,"Dove, mourning collared",
AndrÃ©anne,Implemented encompassing attitude,Services,Schuppe-Donnelly,Black-eyed bulbul,
ElÃ©onore,Diverse 5th generation hub,Business Development,,Striated heron,
LaurÃ©lie,Open-source static capability,Support,Crist and Sons,"Hornbill, yellow-billed",
AdÃ©laÃ¯de,Down-sized analyzing synergy,Business Development,Bauch and Sons,"Tortoise, radiated",â¦testâ§
ThÃ©rÃ¨se,Realigned full-range hierarchy,Services,Abernathy-Rogahn,"Goose, cereopsis",
GisÃ¨le,Configurable 6th generation info-mediaries,Accounting,Hills-Swift,"Chickadee, black-capped",
PÃ©nÃ©lope,Multi-tiered user-facing data-warehouse,Human Resources,Leannon-Jenkins,Long-nosed bandicoot,Å’â€Â´â€°Ë‡ÃÂ¨Ë†Ã˜âˆâ€â€™
GarÃ§on,Function-based leading edge access,Legal,Pagac-Pfannerstill,"Dolphin, striped",
ThÃ©rÃ¨sa,Phased neutral throughput,Engineering,Gibson and Sons,"Squirrel, richardson's ground",
LÃ i,Polarised 24/7 architecture,Business Development,Zboncak Group,"Flamingo, chilean",
MagdalÃ¨ne,Ameliorated context-sensitive benchmark,Services,Lehner Group,Black-winged stilt,
VÃ©nus,Ergonomic asynchronous framework,Research and Development,Thompson Inc,"Goose, cape barren",
AnnotÃ©s,Multi-channelled scalable application,Marketing,"Graham, Gaylord and Macejkovic",Scarlet macaw,
AnnotÃ©s,Self-enabling bifurcated interface,Human Resources,"Lockman, Stiedemann and Hyatt",Red-billed buffalo weaver,
LÃ©onore,Optimized multi-tasking internet solution,Human Resources,Weissnat Inc,Lily trotter,
ZoÃ©,Extended logistical orchestration,Marketing,,"Snake, buttermilk",
InÃ¨s,Multi-lateral optimizing product,Services,Grant-Morissette,Blue fox,
RenÃ©e,Sharable bi-directional matrices,Engineering,Jenkins-Grady,Red meerkat,
Marie-noÃ«l,Universal system-worthy secured line,,Macejkovic-Bailey,White-rumped vulture,
BÃ©rengÃ¨re,De-engineered interactive software,Accounting,Schiller-Gottlieb,,
AnaÃ¯s,Self-enabling systematic leverage,Marketing,Koelpin-Runolfsson,"Waterbuck, defassa",
PÃ²,Seamless empowering capacity,Engineering,Simonis and Sons,"Nighthawk, common","__ï¾›(,_,*)"
GaÃ«lle,Object-based bifurcated paradigm,,,"Gecko, ring-tailed",
NoÃ«lla,Reduced static toolset,Engineering,Donnelly and Sons,"Crane, sandhill",
OphÃ©lie,Reactive foreground benchmark,Legal,Rosenbaum-Price,"Capuchin, black-capped",
LaurÃ©lie,Reduced eco-centric challenge,Business Development,Wolff-Ferry,Great horned owl,
DafnÃ©e,Programmable solution-oriented artificial intelligence,Engineering,Corwin Group,"Peccary, collared",
NuÃ³,Synergistic background superstructure,Human Resources,"Koss, Nicolas and Rau","Crane, black-crowned",
MÃ©ng,Programmable secondary portal,Business Development,"Schaefer, Green and Feil","Antelope, four-horned",
DafnÃ©e,Multi-tiered didactic array,Sales,"Gleichner, Christiansen and Hyatt",Large cormorant,
MÃ©gane,Front-line discrete open system,Sales,"Will, Lemke and Terry","Otter, north american river",
Marie-Ã¨ve,Total asynchronous groupware,Sales,Kunze-Skiles,"Owl, snowy",
NadÃ¨ge,Intuitive regional monitoring,,Grimes-Mraz,"Bee-eater, nubian",
HÃ©lÃ¨na,Robust user-facing functionalities,Accounting,Corkery-Beahan,Feathertail glider,
AndrÃ©e,Implemented demand-driven hardware,Accounting,King-Cronin,"Eagle, bateleur",
Marie-thÃ©rÃ¨se,Virtual 24 hour synergy,Legal,"Renner, Goodwin and Nicolas",Common genet,
MaÃ«lyss,Digitized executive installation,Accounting,Will Inc,"Polecat, african",
AndrÃ©,Visionary zero administration customer loyalty,Marketing,Runolfsdottir-Hartmann,"Monitor, water",
LÃ©andre,Ergonomic methodical extranet,Research and Development,Emard Inc,American buffalo,
UÃ²,Compatible web-enabled hierarchy,Engineering,"Stiedemann, Erdman and Pagac","Fox, grey",
IntÃ©ressant,Fully-configurable radical toolset,Sales,Berge LLC,Red-necked wallaby,
DÃ ,Configurable attitude-oriented database,Support,McDermott Inc,"Anteater, australian spiny",
ThÃ©rÃ¨sa,Team-oriented needs-based capability,,"MacGyver, Dickens and Emard",White-cheeked pintail,
GÃ¶ran,Visionary exuding concept,Engineering,Kovacek LLC,"Otter, north american river",
PublicitÃ©,Enterprise-wide didactic model,Services,,Black-crowned night heron,
MÃ©gane,Intuitive eco-centric access,Engineering,Robel Group,Bateleur eagle,
KÃ¹,Optional static firmware,Legal,"Kub, Jenkins and White","Crab, red lava",
UÃ²,Customizable disintermediate implementation,,Herzog Group,"Cat, long-tailed spotted",
ThÃ©rÃ¨se,Integrated local methodology,Accounting,Greenholt-Hills,"Possum, common brushtail",
MÃ©lys,Multi-layered didactic migration,Training,"Pfannerstill, Larkin and Stokes",Margay,
VÃ©rane,Configurable neutral algorithm,Services,,Chimpanzee,
MaÃ¯wenn,Front-line 5th generation archive,Marketing,Rodriguez-Marks,"Crane, black-crowned",
AdÃ¨le,Innovative reciprocal productivity,Sales,"Corwin, Auer and Gorczany","Coatimundi, white-nosed",
GÃ©raldine,Enhanced grid-enabled attitude,Research and Development,Stroman-Fahey,"Bird, red-billed tropic",
LÃ©onie,Customizable systemic function,Legal,Kuhic-Denesik,Red-shouldered glossy starling,
MaÃ«line,Triple-buffered 24 hour implementation,Sales,"Balistreri, Nikolaus and Lemke",Jungle cat,../../../../../../../../../../../etc/hosts
StÃ©vina,Cloned contextually-based circuit,Accounting,Olson-Olson,,
EloÃ¯se,Digitized exuding middleware,Sales,Goodwin and Sons,Polar bear,
LoÃ¯s,Down-sized explicit toolset,Engineering,"Kerluke, Reynolds and Braun",Mountain duck,
EstÃ¨ve,Upgradable motivating parallelism,Engineering,Schoen-Schneider,Yellow-throated sandgrouse,
OcÃ©anne,Decentralized client-driven info-mediaries,Engineering,Jacobs Group,"Hen, sage",
MÃ©lia,Enhanced dynamic encoding,Services,Casper-Johnson,Red-tailed phascogale,
MÃ©diamass,Polarised object-oriented concept,Training,"Predovic, Hahn and Schroeder",Racer snake,â€©testâ€©
EloÃ¯se,Universal system-worthy productivity,Services,Hickle Group,Two-toed tree sloth,
GaÃ©tane,Polarised well-modulated strategy,Services,Von Inc,Galapagos hawk,
FÃ¨i,Assimilated background strategy,Services,Hane LLC,"Blackbird, red-winged",
RÃ©jane,Optimized intangible adapter,Engineering,Fadel-Ryan,,Å“âˆ‘Â´Â®â€ Â¥Â¨Ë†Ã¸Ï€â€œâ€˜
AnaÃ¯s,Up-sized responsive success,Human Resources,,"Goose, spur-winged",
SÃ©verine,Intuitive modular circuit,Marketing,,Springhare,1.00
OcÃ©anne,Enterprise-wide multi-tasking service-desk,Human Resources,Ankunding-Koepp,"Gull, pacific",
GwenaÃ«lle,Reduced real-time workforce,Legal,Mitchell Inc,"Siskin, yellow-rumped",
SÃ©verine,Proactive exuding ability,Sales,"Rosenbaum, Konopelski and Stamm",Crested bunting,
AnnotÃ©s,Monitored empowering hub,Sales,Walker-MacGyver,"Spoonbill, european",
CÃ©line,Open-source didactic toolset,Marketing,"Donnelly, Gutmann and Senger",South African hedgehog,
AnaÃ«l,Function-based motivating toolset,Sales,"Kuhic, Bayer and Botsford","Seal, northern fur",
ChloÃ©,Synchronised intermediate synergy,Accounting,VonRueden-Kreiger,Sacred ibis,
Ã…ke,Reverse-engineered demand-driven conglomeration,Engineering,"Luettgen, Hahn and Pacocha",Burmese brown mountain tortoise,
FrÃ©dÃ©rique,Organized system-worthy website,,"Hand, Mohr and Kunde","Puffin, horned",
MaÃ¯lys,Cross-group 3rd generation moderator,Legal,Padberg Group,"Bandicoot, short-nosed",ğŸš¾ ğŸ†’ ğŸ†“ ğŸ†• ğŸ†– ğŸ†— ğŸ†™ ğŸ§
GÃ¶rel,Down-sized tertiary protocol,Training,"Altenwerth, Labadie and Kub",Madagascar fruit bat,
RÃ©becca,Open-architected national software,Business Development,"Jones, Kuvalis and Dickinson","Pelican, great white",
FrÃ©dÃ©rique,Business-focused impactful collaboration,Sales,"Adams, Schuster and Cartwright",Four-striped grass mouse,
MÃ©lys,Pre-emptive coherent customer loyalty,Human Resources,"Hilll, Barton and Walker","Possum, pygmy",
MÃ©lanie,Stand-alone value-added internet solution,Business Development,Lehner and Sons,"Lechwe, kafue flats",
MahÃ©lie,Automated bandwidth-monitored projection,Product Management,Abbott Inc,,
EstÃ¨ve,Extended dedicated workforce,Sales,,"Dragonfly, russian",
LÃ¨i,Decentralized dedicated hub,Sales,Stamm-Abbott,European red squirrel,
TorbjÃ¶rn,Enhanced incremental frame,Marketing,Skiles-Jones,Tsessebe,
LiÃ¨,Phased holistic support,Accounting,Toy-Barrows,Jungle kangaroo,
OcÃ©anne,Vision-oriented coherent productivity,Product Management,Littel and Sons,Eastern diamondback rattlesnake,
MaÃ«ly,Horizontal 6th generation info-mediaries,Business Development,Ortiz Group,"Goat, mountain",
EstÃ©e,Triple-buffered leading edge info-mediaries,Engineering,Muller-Cummings,"Jackal, golden",
BÃ©atrice,Re-engineered asymmetric workforce,Engineering,Runolfsson-Klein,"Vulture, king",
RachÃ¨le,Implemented attitude-oriented projection,Human Resources,West-Cormier,Galapagos sea lion,
BÃ©rangÃ¨re,Phased upward-trending function,Business Development,"Denesik, Cummings and Hartmann",Grison,
LÃ©ane,Multi-layered upward-trending extranet,,Leuschke-Green,Tyrant flycatcher,
PÃ¥l,Configurable user-facing initiative,Product Management,MacGyver LLC,European badger,-1E02
RÃ©servÃ©s,Re-contextualized logistical infrastructure,Business Development,Roberts Inc,Burrowing owl,
AndrÃ©,Multi-channelled solution-oriented monitoring,Training,,Giant otter,
DÃ ,Cross-group global adapter,Engineering,Mohr-Littel,"Siskin, pine",
MÃ©lanie,Down-sized content-based task-force,,Adams-Goodwin,Fork-tailed drongo,
MaÃ¯tÃ©,Fundamental asymmetric toolset,Sales,Konopelski-Braun,Tropical buckeye butterfly,
DaphnÃ©e,Operative composite installation,Engineering,Thiel-Stiedemann,Common rhea,
PÃ©lagie,Mandatory optimizing adapter,Product Management,Emmerich and Sons,Australian brush turkey,
WÃ¡,Progressive demand-driven extranet,Legal,Mohr Inc,"Duck, mountain",
LÃ³ng,Re-contextualized context-sensitive strategy,Legal,"Roberts, Runolfsdottir and Heidenreich",Chital,
LysÃ©a,Programmable 3rd generation moratorium,Human Resources,Von Group,European spoonbill,
AnaÃ©,Devolved human-resource knowledge user,Legal,Mosciski Group,Boat-billed heron,
PÃ©nÃ©lope,Horizontal responsive neural-net,Support,Beier Inc,"Bleu, blue-breasted cordon",
ClÃ©mence,Innovative clear-thinking framework,Support,"Bednar, Gutkowski and McLaughlin",Southern brown bandicoot,
BÃ©nÃ©dicte,Focused even-keeled definition,Legal,Denesik-Hodkiewicz,Black-necked stork,
PublicitÃ©,Horizontal well-modulated middleware,Human Resources,Crooks Inc,"Blackbird, red-winged",
MÃ©lissandre,User-centric multi-state support,Sales,Abshire-Ferry,"Flicker, campo",
NoÃ«lla,Realigned optimal algorithm,Services,Rau Group,"Shrew, mandras tree",
TÃ¡n,User-friendly mobile toolset,Sales,Schoen-Abshire,White-faced tree rat,
Ã–rjan,Re-contextualized foreground time-frame,Human Resources,Cormier-VonRueden,Carpet python,
NoÃ©mie,Synergistic motivating strategy,Business Development,Oberbrunner-Donnelly,Gecko (unidentified),
StyrbjÃ¶rn,Self-enabling bandwidth-monitored capacity,Human Resources,"Wunsch, Ruecker and Crona","Stork, painted",
LaurÃ©na,Operative maximized benchmark,Human Resources,Labadie Inc,Caracal,
LÃ©ana,Ameliorated asymmetric architecture,Sales,Johns Group,"Otter, oriental short-clawed",
Ã…ke,Multi-layered heuristic matrices,Accounting,,"Sheep, american bighorn",ç¤¾æœƒç§‘å­¸é™¢èªå­¸ç ”ç©¶æ‰€
KuÃ­,Pre-emptive incremental ability,Support,"Rempel, Kessler and Mayer","Otter, african clawless",
LÃ©onie,Up-sized 24/7 hub,Engineering,Goodwin Inc,"Vulture, white-rumped",
PublicitÃ©,Secured high-level analyzer,Training,,"Caiman, spectacled",
Marie-franÃ§oise,Implemented zero tolerance info-mediaries,Engineering,"Auer, Jacobi and Lemke","Crane, brolga",
RÃ©gine,Ameliorated actuating framework,Sales,Roob-Pollich,South African hedgehog,Ì—ÌºÍ–Ì¹Ì¯Í“TÌ±Ì¤ÍÌ¥Í‡ÍˆhÍÌ²eÍÍ“Ì¼Ì—Ì™Ì¼Ì£Í” Í‡ÌœÌ±Ì Í“ÍÍ…NÍ Í•eÌ—Ì±zÌ˜ÌÌœÌºÍ™pÌ¤ÌºÌ¹ÍÌ¯ÍšeÍœÌ Ì»Ì rÌ¨Ì¤ÍÌºÌ–Í”Ì–Ì–dÍŸÌ ÌŸÌ­Ì¬ÌiÌ¦Í–Ì©Í“Í”Ì¤aÌ Ì—Ì¬Í‰Ì™nÍœÍš Ì»ÌÌ°ÍšÍ…hÌµÍ‰iÌ³ÌvÌ¢Í‡eÍŸÌ­Í-Ò‰Ì­Ì©Ì¼Í”mÌ¤Ì­Ì«iÍ•Í‡ÌÌ¦nÌ—Í™dÌ£ÌŸ ÍÌ¯Ì²Í•oÌ¨ÌŸÌ¯Ì°Ì²Í™Ì»Ìf Í˜ÌªÌ°Ì°Ì—Ì–Ì­Ì˜cÌ¦ÍÌ²ÌÍÌ©Ì™hÌ£ÍšaÍœÌ®ÍÌŸÌ™oÌ›Ì©Ì¹ÍsÌ¤.ÌÌ Ò‰ZÌ¡Ì–ÌœÍ–Ì°Ì£Í‰ÌœaÍ¡Í–Ì°Í™Ì¬lÌ²Ì«Ì³ÍÌ©gÌ¡ÌŸÌ¼Ì±ÍšÌÌ¬Í…oÍœÌ—.ÌŸ
AudrÃ©anne,Fully-configurable stable success,Services,Abbott-Boyer,,
KallistÃ©,Monitored well-modulated open system,Support,Cole and Sons,Coyote,
CÃ©lia,Vision-oriented maximized core,Services,"Rippin, Schinner and Daugherty",Sulfur-crested cockatoo,
LÃ©andre,Optimized interactive workforce,Legal,Weimann and Sons,"Toucan, white-throated",
CloÃ©,Multi-layered user-facing workforce,Services,Hilll LLC,"Pigeon, wood",
Marie-josÃ©e,Exclusive maximized collaboration,Human Resources,Rowe and Sons,,
MÃ©lys,Managed executive extranet,Product Management,Kilback Inc,"Gull, herring",
IrÃ¨ne,Team-oriented directional application,Marketing,"Wolff, Barton and Glover",Southern right whale,
MilÃ©na,Upgradable 24 hour hierarchy,Human Resources,"Walsh, Runte and Rodriguez","Dragon, western bearded",
LÃ³ng,Stand-alone attitude-oriented time-frame,Research and Development,"Schuppe, Friesen and Hagenes",Curve-billed thrasher,ğŸš¾ ğŸ†’ ğŸ†“ ğŸ†• ğŸ†– ğŸ†— ğŸ†™ ğŸ§
WÃ¡,Automated contextually-based secured line,Human Resources,,"Chipmunk, least",
LÃ³ng,Intuitive real-time software,Human Resources,"Schultz, Moore and Crona",Tiger snake,
AloÃ¯s,Cross-group intangible internet solution,Human Resources,Mohr and Sons,Bengal vulture,
NÃ©hÃ©mie,Stand-alone incremental synergy,Human Resources,Haag-Block,Bare-faced go away bird,
LoÃ¯ca,Right-sized global help-desk,Human Resources,Zieme-Ward,"Falcon, peregrine",
ElÃ©onore,Multi-lateral radical implementation,Accounting,Heidenreich-Durgan,"Rhea, greater","<>?:""{}|_+"
AimÃ©e,Cross-group stable contingency,,,Barasingha deer,
CÃ©lestine,User-friendly leading edge paradigm,Sales,Hansen and Sons,"Frogmouth, tawny",
MÃ©ng,Decentralized scalable attitude,Product Management,"Armstrong, Rohan and Glover","Lizard, goanna",
LÃ³ng,Pre-emptive multi-tasking utilisation,Human Resources,"Rolfson, Muller and Christiansen","Gecko, ring-tailed",
AlizÃ©e,Front-line needs-based knowledge user,Business Development,Gleason LLC,African porcupine,
GwenaÃ«lle,Horizontal upward-trending success,Sales,,Malay squirrel (unidentified),
SÃ²ng,Customizable object-oriented encoding,Training,Pagac-Waters,"Goose, spur-winged",
AudrÃ©anne,Adaptive high-level standardization,Business Development,Kovacek LLC,Eastern grey kangaroo,
PÃ¥l,Fully-configurable intangible Graphical User Interface,Legal,Luettgen-Swaniawski,"Butterfly, tropical buckeye",
LÃ©onore,Re-engineered eco-centric knowledge base,Services,"Mosciski, Huels and Mante",Woodrat (unidentified),
MaÃ«lyss,User-centric human-resource open system,Engineering,"Tremblay, Schmeler and Bogan","Owl, snowy",
PÃ¥l,Front-line global workforce,Sales,"Spinka, Vandervort and Muller",Australian masked owl,
DÃ¹,Horizontal tangible hierarchy,Research and Development,Jerde-Lebsack,Marine iguana,
DesirÃ©e,Implemented maximized solution,Services,MacGyver-Kulas,Pale white-eye,
VÃ©ronique,Robust zero administration access,Engineering,"Heller, Stark and Spencer",Ferruginous hawk,""""
BÃ©rangÃ¨re,Cross-group neutral analyzer,Training,Pfeffer and Sons,Lesser mouse lemur,
AlizÃ©e,Upgradable intermediate emulation,,Howe-Stroman,"Eagle, long-crested hawk",
ZoÃ©,Future-proofed multi-tasking solution,Support,"Raynor, Hilll and Koch","Shark, blue",
MaÃ¯ly,Reactive real-time archive,Marketing,Willms and Sons,"Fox, arctic",
MÃ©linda,Multi-lateral bandwidth-monitored protocol,,"Schimmel, Powlowski and Romaguera","Bunting, crested",
KuÃ­,Polarised local framework,Sales,"Kohler, Altenwerth and Bogan","Possum, western pygmy",
DÃ¹,Adaptive object-oriented adapter,Marketing,"Trantow, Lynch and Little",Carpet python,
MaÃ«lle,Visionary 24/7 architecture,Services,"Dach, Cronin and Mayer",Fringe-eared oryx,
MÃ©ghane,Optional reciprocal encoding,Product Management,"Cummerata, Reilly and Okuneva",Tawny eagle,
KallistÃ©,Fundamental attitude-oriented local area network,Services,"Gaylord, Mertz and Hilll",Brazilian tapir,
MÃ¥ns,Synchronised 24/7 product,Human Resources,Herman-Kulas,Blue and yellow macaw,
RÃ©gine,Operative modular task-force,Support,,Ibex,
MarlÃ¨ne,Reactive secondary focus group,Training,"Funk, Schmeler and Harvey",Green-winged trumpeter,
MÃ©ghane,Profound modular extranet,Legal,"Doyle, Shields and Cronin","Ibis, glossy",
ThÃ©rÃ¨se,Robust regional projection,,,"Otter, north american river",
PÃ¥l,Organic encompassing firmware,Business Development,"Hand, Stroman and Roberts","Duck, comb",
AnaÃ«lle,Innovative value-added secured line,Sales,Rempel LLC,"Cockatoo, sulfur-crested",
MarlÃ¨ne,Ergonomic object-oriented portal,Research and Development,"Purdy, Sporer and Oberbrunner","Starling, red-shouldered glossy",
Marie-thÃ©rÃ¨se,Distributed empowering model,Business Development,"Schumm, Ratke and Legros","Plover, blacksmith",
AnaÃ«l,Distributed impactful open architecture,Engineering,Brown Inc,,
MÃ©thode,Quality-focused mission-critical algorithm,Legal,"Fay, Volkman and Rutherford","Goldeneye, common",
MÃ©lia,Streamlined motivating website,,Schmitt-Mertz,Black-crowned crane,áš€
LÃ©ane,Operative bifurcated implementation,Legal,,Ring-tailed gecko,
AurÃ©lie,Total fresh-thinking encryption,Marketing,"Friesen, Paucek and Jacobi","Shelduck, common",
SÃ©rÃ©na,Organic disintermediate function,Training,Kuphal-Bergnaum,"Dog, black-tailed prairie",
EliÃ¨s,Optional object-oriented array,Legal,"Donnelly, Gusikowski and Sporer",White stork,
AnaÃ«lle,Switchable regional analyzer,Marketing,Friesen Inc,"Raven, white-necked",â€ªâ€ªtestâ€ª
YÃ©nora,Optional 4th generation algorithm,,Kautzer-Koepp,Pronghorn,
Ã–rjan,Progressive bandwidth-monitored standardization,Support,"Bergnaum, Langworth and Goldner",Yak,
MaÃ«lyss,Focused exuding ability,Training,Streich and Sons,Blue duck,
AnaÃ«lle,Ergonomic optimizing portal,Research and Development,Schneider-Gleichner,Grey fox,
MichÃ¨le,Assimilated real-time data-warehouse,,Turcotte-Walsh,Roseat flamingo,
JÃº,Decentralized foreground policy,Training,"Daniel, Reichel and Konopelski",Secretary bird,
MaÃ¯wenn,Fully-configurable incremental extranet,Support,Mante Inc,Dama wallaby,
BÃ©atrice,Intuitive responsive application,Engineering,"Herman, Flatley and Harris",Black-tailed tree creeper,
LaÃ¯la,Centralized neutral toolset,Product Management,"Wunsch, Bosco and Mayer","Shrike, southern white-crowned",
MÃ©lanie,Polarised zero administration strategy,Sales,Flatley-Nienow,Swainson's francolin,
JudicaÃ«l,Grass-roots 4th generation intranet,Research and Development,Cartwright LLC,Great kiskadee,
NoÃ©mie,Face to face grid-enabled Graphical User Interface,Research and Development,"Jaskolski, Simonis and Schmidt","Squirrel, nelson ground",
AudrÃ©anne,Universal bottom-line extranet,Accounting,Schiller-Effertz,Canadian tiger swallowtail butterfly,
AmÃ©lie,Cross-platform content-based moratorium,Product Management,"Simonis, Mante and Erdman","Armadillo, common long-nosed",
AmÃ©lie,Persistent local data-warehouse,Training,Waters Group,White-rumped vulture,
MaÃ¯tÃ©,Diverse static task-force,Sales,Ankunding Group,Great kiskadee,-1E+02
YÃ³u,Multi-lateral empowering system engine,Services,Marquardt-Effertz,Impala,
EliÃ¨s,Total optimizing standardization,Marketing,Upton-Waters,,
CÃ©line,Cross-group tangible challenge,Business Development,Dicki-Haley,Steller sea lion,
IrÃ¨ne,Cloned non-volatile focus group,Engineering,,Rock dove,
FÃ¨i,Advanced contextually-based secured line,Sales,"Gorczany, White and Ruecker",Common genet,0ï¸âƒ£ 1ï¸âƒ£ 2ï¸âƒ£ 3ï¸âƒ£ 4ï¸âƒ£ 5ï¸âƒ£ 6ï¸âƒ£ 7ï¸âƒ£ 8ï¸âƒ£ 9ï¸âƒ£ ğŸ”Ÿ
AnaÃ©,Synchronised bottom-line encryption,Sales,"Kessler, Donnelly and Daugherty","Fox, grey",
CinÃ©ma,Intuitive full-range help-desk,Engineering,,Water monitor,
CÃ©cilia,Optimized regional adapter,Training,"Eichmann, Mohr and VonRueden",Red-necked phalarope,-1E+02
CÃ©line,Proactive static interface,Accounting,Schmeler LLC,"Lion, southern sea",
GÃ¶rel,Total multi-tasking productivity,,Rempel-Heaney,"Rattlesnake, dusky",
MÃ©thode,Operative even-keeled matrix,Engineering,"Kling, Wisozk and Osinski",Blue-tongued skink,
BÃ©atrice,Up-sized demand-driven hardware,Sales,"Dickinson, Rosenbaum and Kilback",Marine iguana,
BÃ©atrice,Public-key leading edge help-desk,Training,Johnson LLC,"Langur, hanuman",
OcÃ©anne,Horizontal human-resource complexity,Accounting,Greenholt-Wiza,"Flicker, campo",
StyrbjÃ¶rn,Triple-buffered explicit service-desk,Support,Graham Inc,"Heron, striated",
AurÃ©lie,Reduced coherent algorithm,Support,Morar Inc,Silver-backed jackal,
PÃ©lagie,Total discrete pricing structure,Support,Gerhold-O'Keefe,"Gazelle, thomson's",
ThÃ©rÃ¨sa,Decentralized logistical concept,Marketing,,Wood pigeon,
MichÃ¨le,Fundamental foreground matrices,Marketing,"Schroeder, Erdman and Lind",African lion,
Marie-franÃ§oise,Networked holistic hub,Sales,Rippin and Sons,"Hyena, brown",
KÃ¹,Visionary value-added groupware,Sales,Metz and Sons,Black-backed jackal,
AnaÃ©,Reverse-engineered maximized forecast,Services,Gutmann LLC,"Otter, canadian river",
NadÃ¨ge,Self-enabling homogeneous access,Business Development,"Brown, Orn and Thiel",Eastern boa constrictor,
CinÃ©ma,Front-line multi-tasking Graphical User Interface,Business Development,Rice-Strosin,"Lion, australian sea",
MÃ©linda,Stand-alone background paradigm,Product Management,Nolan Group,"Deer, mule",ğ œğ œ±ğ ¹ğ ±“ğ ±¸ğ ²–ğ ³
OcÃ©anne,Right-sized holistic encryption,Accounting,Jacobson-Medhurst,Magnificent frigate bird,
LaurÃ©na,Adaptive upward-trending groupware,Services,Rogahn Group,"Heron, goliath",
LucrÃ¨ce,Innovative incremental parallelism,Research and Development,"Hamill, Braun and Connelly","Bison, american",
GÃ©raldine,Triple-buffered heuristic throughput,Legal,"Becker, Satterfield and Mohr",Striped hyena,ç¤¾æœƒç§‘å­¸é™¢èªå­¸ç ”ç©¶æ‰€
EsbjÃ¶rn,Robust multimedia hierarchy,Marketing,Dicki-Bauch,"Deer, black-tailed",
FrÃ©dÃ©rique,Re-engineered fresh-thinking circuit,Business Development,Gleason Inc,Sulfur-crested cockatoo,
MaÃ«lys,Horizontal fresh-thinking pricing structure,Training,"Hauck, Flatley and Hackett",Burmese brown mountain tortoise,
RÃ©jane,Universal fresh-thinking contingency,Product Management,Purdy-Crooks,Australian spiny anteater,
YÃ©nora,Polarised methodical methodology,Accounting,"Stiedemann, Gleichner and Grant",,
JosÃ©e,Devolved didactic application,Sales,Wiegand-Murray,"Crane, sarus",
AgnÃ¨s,Polarised intangible protocol,Human Resources,Kiehn Inc,"Barbet, crested",
MÃ©ryl,Polarised asymmetric knowledge base,Product Management,Mayert Group,"Crocodile, nile",
KuÃ­,Phased stable open architecture,Product Management,Mayer-Runolfsdottir,Blacksmith plover,NULL
Ã…slÃ¶g,Public-key tertiary access,Human Resources,Raynor-Larson,"Turkey, common",
BÃ©nÃ©dicte,User-centric actuating instruction set,Legal,,Coqui partridge,
AudrÃ©anne,Expanded human-resource firmware,Engineering,Fahey Inc,Orca,
LoÃ¯c,Progressive directional portal,Marketing,"Corwin, Jaskolski and Carter",Mara,
Ã…sa,Vision-oriented dynamic approach,Accounting,Rutherford-Spencer,"Penguin, fairy",
AdÃ©laÃ¯de,Compatible actuating frame,Marketing,,North American beaver,
RÃ©jane,Automated 24 hour software,Engineering,Brakus and Sons,Dabchick,
MaÃ©na,Decentralized transitional Graphic Interface,Accounting,"Bartoletti, Connelly and Cronin",Downy woodpecker,
AimÃ©e,Reactive analyzing complexity,Research and Development,Collier-Stokes,Anaconda (unidentified),
HÃ¥kan,Customer-focused non-volatile ability,Engineering,Wintheiser LLC,Sage hen,
OcÃ©anne,Optimized systemic hierarchy,,Feest-Ryan,"Marmot, hoary",
EliÃ¨s,Grass-roots bi-directional open system,Support,Connelly LLC,Grant's gazelle,
AngÃ©lique,Multi-tiered content-based process improvement,Legal,Purdy-Rodriguez,"Possum, golden brush-tailed",
LÃ©one,Profit-focused reciprocal matrix,Legal,"Ziemann, Nitzsche and Mraz","Heron, grey",
OphÃ©lie,Robust 24/7 capacity,Product Management,Ullrich Inc,Large cormorant,
StÃ©phanie,Multi-lateral full-range access,Research and Development,Weber-Barrows,King cormorant,
SÃ©lÃ¨ne,Right-sized local firmware,,Parker LLC,"Dragon, komodo",
YÃ¡o,Inverse methodical circuit,Sales,,"Stork, jabiru",
AnaÃ«l,Enhanced impactful standardization,Business Development,Frami Inc,Four-spotted skimmer,0/0
LÃ©a,Ameliorated stable focus group,Engineering,Bashirian Group,"Nighthawk, common",
Marie-thÃ©rÃ¨se,Visionary intangible open architecture,Services,"Dooley, Rolfson and Rogahn","Tarantula, salmon pink bird eater",
Marie-noÃ«l,Grass-roots multimedia throughput,Accounting,Ratke Inc,Baleen whale,
SÃ²ng,Balanced eco-centric contingency,Engineering,King Group,Cook's tree boa,
LÃ©one,Fundamental 24/7 protocol,Accounting,Wolff-Moore,"Capuchin, white-fronted",
MaÃ¯tÃ©,Versatile clear-thinking adapter,,Cummings-Grimes,Blue and gold macaw,
AnaÃ¯s,Re-contextualized 3rd generation concept,Accounting,Beier-Batz,"Flicker, campo",
AlmÃ©rinda,Inverse secondary architecture,,"Bogisich, Metz and Conroy",Eastern fox squirrel,
Ã…sa,Reduced reciprocal conglomeration,Training,McLaughlin-West,Asiatic wild ass,
GÃ©rald,De-engineered multi-state model,,Cartwright-Braun,"Phalarope, grey",
LorÃ¨ne,Inverse responsive archive,Accounting,Labadie-Konopelski,"Squirrel, grey-footed",
SÃ©verine,Visionary eco-centric intranet,Business Development,Bradtke-Stiedemann,Impala,
ClÃ©lia,Synchronised explicit alliance,Legal,Schmeler and Sons,White-browed owl,
UÃ²,Re-contextualized foreground knowledge user,,Kuvalis LLC,Red sheep,
AdÃ©laÃ¯de,Innovative encompassing frame,Training,Kilback and Sons,"Tern, white-winged black",-1E2
CÃ©cilia,Multi-layered methodical paradigm,Product Management,"Wilderman, Schimmel and Schuster",Margay,
DesirÃ©e,Managed cohesive challenge,Engineering,Price Inc,,
MÃ©gane,Integrated well-modulated emulation,Accounting,"Wehner, Kessler and Rosenbaum",Cape wild cat,
YÃº,Vision-oriented interactive task-force,Human Resources,Homenick Group,Currasow (unidentified),
RachÃ¨le,Synchronised explicit capability,Engineering,"Schumm, Collier and Kuhlman","Opossum, american virginia",
RÃ©becca,Grass-roots web-enabled flexibility,Business Development,"Wehner, Ledner and Ondricka",Neotropic cormorant,
VÃ©ronique,Assimilated well-modulated functionalities,Services,O'Reilly Inc,Swamp deer,(ï½¡â—• âˆ€ â—•ï½¡)
VÃ©rane,Digitized 3rd generation toolset,Human Resources,Gorczany LLC,"Cockatoo, slender-billed",nil
MÃ©ghane,Right-sized dynamic data-warehouse,Product Management,Rolfson-Gorczany,Hoffman's sloth,
TÃº,Future-proofed dedicated attitude,Training,"Funk, Schimmel and Hartmann",Southern tamandua,
MaÃ¯ly,Vision-oriented clear-thinking website,Product Management,Witting Inc,Horned lark,
AngÃ©lique,Exclusive empowering infrastructure,Research and Development,Champlin-Braun,"Seal, harbor",-1
CunÃ©gonde,Inverse mission-critical solution,Support,"Ferry, Upton and Bahringer",Green-winged macaw,
ThÃ©rÃ¨se,Monitored 6th generation project,,Hirthe-Connelly,"Cockatoo, red-breasted",
VÃ©ronique,Exclusive clear-thinking extranet,Training,Leannon-Turner,"Macaque, japanese",
RÃ©jane,Diverse even-keeled solution,Engineering,Rohan-Ernser,"Hornbill, leadbeateri's ground",
CloÃ©,Future-proofed real-time Graphical User Interface,Marketing,Nienow LLC,Short-beaked echidna,1.00
GaÃ«lle,Self-enabling disintermediate standardization,Research and Development,Okuneva-Casper,,
SÃ©lÃ¨ne,Monitored fault-tolerant success,Accounting,"Wisoky, Paucek and Smith",Eastern dwarf mongoose,
MÃ©lanie,Horizontal bi-directional ability,Engineering,"D'Amore, Maggio and Wisozk","Skink, blue-tongued",
InÃ¨s,Enterprise-wide logistical groupware,Services,,Bohor reedbuck,
NoÃ«lla,Persistent cohesive product,Accounting,Hilpert-Rempel,"Rattlesnake, dusky",
CloÃ©,Persistent 4th generation superstructure,Sales,O'Reilly Group,Kafue flats lechwe,
RÃ©becca,Vision-oriented coherent contingency,Engineering,"Waters, Mosciski and Carroll",Little brown bat,
JosÃ©e,Decentralized directional leverage,Legal,"Dooley, Welch and Mante","Otter, oriental short-clawed",
MaÃ«lann,Adaptive holistic service-desk,Engineering,"Yost, Turner and Predovic","Anteater, australian spiny",
Marie-thÃ©rÃ¨se,Multi-layered 24/7 instruction set,Accounting,Weber-Waters,Red sheep,
ThÃ©rÃ¨sa,Visionary intangible moratorium,Product Management,Block-Simonis,"Kiskadee, great",
FÃ¨i,Open-source web-enabled core,Training,Flatley LLC,Mexican wolf,
RÃ¡o,Optional solution-oriented initiative,Support,Heller-Schulist,"Whale, long-finned pilot",
ElÃ©a,Stand-alone didactic success,Support,Moen Group,"Grouse, sage",
PublicitÃ©,Secured web-enabled monitoring,Marketing,"Bogan, Lind and Strosin",Horned lark,
BÃ©cassine,Intuitive leading edge matrices,Product Management,"Feil, Paucek and Howell","Eagle, long-crested hawk",
LÃ©andre,Front-line content-based customer loyalty,Accounting,"Larson, Shanahan and Torphy","Swan, black","<>?:""{}|_+"
CunÃ©gonde,Polarised leading edge project,Marketing,Mitchell Inc,Yellow-bellied marmot,<img src=x onerror=alert('hi') />
DaphnÃ©e,Optional disintermediate budgetary management,Accounting,"Langosh, Doyle and Runolfsdottir",,
DorothÃ©e,Fully-configurable tangible throughput,Sales,Gerlach LLC,Bush dog,
ValÃ©rie,Persistent next generation website,Legal,Kovacek Inc,Richardson's ground squirrel,
MÃ©lodie,Business-focused stable adapter,Sales,"Hoppe, Wiza and Bosco",Caribou,
YÃ³u,Managed even-keeled Graphical User Interface,Services,"Hirthe, Schoen and Mohr","Zebra, plains",
LÃ©one,Enhanced systematic definition,Services,,"Gull, herring",
LÃ©onore,Realigned multi-state internet solution,Human Resources,"Rolfson, Pacocha and Gulgowski",Blue-tongued lizard,
RenÃ©e,Cloned encompassing hub,Training,"Lebsack, Schmeler and Herzog",Little brown dove,
LysÃ©a,Right-sized uniform internet solution,Engineering,"Mann, Baumbach and Kunze","Elephant, african",
HÃ©lÃ¨ne,Stand-alone responsive function,Legal,Howe-Friesen,Crested porcupine,
ElÃ©onore,Grass-roots bifurcated project,Support,Botsford LLC,Agama lizard (unidentified),
AngÃ©lique,Front-line methodical moratorium,Engineering,Jacobson-Schmitt,"Hartebeest, red",
PublicitÃ©,Cross-platform 4th generation open system,Product Management,DuBuque LLC,"Cormorant, king",
LysÃ©a,Cross-group methodical secured line,Training,Bauch LLC,Black-eyed bulbul,
GÃ¶ran,Organized systematic utilisation,Support,Hermann-Lynch,Anaconda (unidentified),
MÃ©lodie,Right-sized mobile solution,Human Resources,Kirlin and Sons,"Bandicoot, short-nosed",
MÃ©ghane,Reverse-engineered context-sensitive emulation,Sales,"Hintz, Roberts and Sauer",Kafue flats lechwe,
LaurÃ¨ne,Innovative explicit protocol,Human Resources,"Tillman, Stroman and Mayer","Squirrel, malabar",
EliÃ¨s,Expanded well-modulated conglomeration,Services,Bechtelar Group,Bohor reedbuck,
AdÃ¨le,Reactive 24 hour capacity,Human Resources,"Wuckert, Raynor and Daugherty",,
MaÃ«ly,Ergonomic maximized synergy,Training,,"Ringtail, common",
PÃ²,Robust directional hub,Training,Waelchi-Volkman,Argalis,
SÃ©lÃ¨ne,Integrated human-resource benchmark,Accounting,Hodkiewicz-Larson,"Rattlesnake, horned",
IllustrÃ©e,Progressive bandwidth-monitored middleware,Training,"Russel, Kihn and Wiza",Black curlew,
KuÃ­,Open-architected mission-critical moderator,,Goodwin Group,White stork,
MaÃ¯wenn,Polarised context-sensitive secured line,Training,"Nolan, Leannon and Nicolas","Starling, superb",
NaÃ«lle,Extended solution-oriented system engine,Marketing,,"Barbet, black-collared",
GÃ¶rel,Adaptive maximized monitoring,,McClure-Toy,"Heron, giant",
NadÃ¨ge,Object-based composite artificial intelligence,Legal,"Schamberger, Lehner and Kshlerin","Squirrel, malabar",
DaniÃ¨le,Organized actuating definition,Support,Nienow LLC,"Lion, steller sea",
TÃ¡n,Right-sized zero defect array,Training,,Stone sheep,
TÃº,Mandatory bottom-line projection,Services,,Eastern dwarf mongoose,
AnaÃ«l,Synchronised demand-driven frame,Product Management,Lebsack LLC,Bahama pintail,
VÃ©nus,Fundamental hybrid success,Services,Lindgren-Stark,Cereopsis goose,
StÃ©phanie,Secured 3rd generation leverage,Sales,"Schinner, Dooley and Williamson","Crane, blue",
ElÃ©onore,Multi-channelled static orchestration,Research and Development,Kulas-Torp,Hanuman langur,
MylÃ¨ne,Self-enabling contextually-based installation,Research and Development,"Farrell, Stokes and Carter","Lemming, arctic",
GaÃ©tane,Seamless national complexity,Training,"Kuhic, Kirlin and Abshire","Gecko, barking",
PÃ²,Innovative 3rd generation interface,Research and Development,Weimann-Durgan,Paradoxure,
DÃ¹,Universal reciprocal capability,Marketing,"Welch, Heller and Wehner","Goose, egyptian",
ValÃ©rie,Sharable systematic capacity,Legal,Howell-Rau,"Bulbul, african red-eyed",
LÃ©ana,Object-based homogeneous algorithm,Research and Development,,"Gonolek, burchell's",
GwenaÃ«lle,De-engineered homogeneous benchmark,Marketing,,Ibex,
DaphnÃ©e,Customizable 6th generation moratorium,Marketing,Lebsack-Brakus,"Wombat, southern hairy-nosed",Å’â€Â´â€°Ë‡ÃÂ¨Ë†Ã˜âˆâ€â€™
ClÃ©lia,Mandatory 4th generation groupware,Sales,Hermiston Inc,"Shrike, southern white-crowned",
KuÃ­,Universal responsive capacity,Research and Development,"Gislason, Reichert and Hilpert",Denham's bustard,
MaÃ«lla,Open-source human-resource initiative,Sales,DuBuque Group,Ringtail,
LoÃ¯ca,Multi-tiered systematic forecast,Training,Mann Inc,"Leopard, indian",
NadÃ¨ge,Optional responsive ability,Engineering,Bode-Okuneva,Gray rhea,
RÃ¡o,Inverse bi-directional challenge,Business Development,Lemke LLC,"Ringtail, common",
RÃ©gine,Open-source bandwidth-monitored encryption,,Mills Inc,,
MÃ©diamass,Extended responsive time-frame,Accounting,D'Amore Group,,
EugÃ©nie,Self-enabling transitional process improvement,Research and Development,"Pagac, Larson and Mann",,
KuÃ­,Horizontal 4th generation toolset,Sales,Baumbach-Borer,"Falcon, prairie",$1.00
AdÃ©laÃ¯de,Networked composite focus group,Accounting,Satterfield-Lehner,"Cat, kaffir",
Ã…sa,Adaptive next generation architecture,Accounting,Hilll Inc,Pacific gull,
AngÃ¨le,Enhanced reciprocal alliance,Sales,"Crona, Kutch and Stark","Zebra, common",
RÃ©becca,Polarised object-oriented intranet,Research and Development,"Wiza, Mante and Connelly",Crested bunting,ğŸµ ğŸ™ˆ ğŸ™‰ ğŸ™Š
GaÃ«lle,Multi-lateral 4th generation migration,,"VonRueden, Nader and Tromp",Grizzly bear,
CunÃ©gonde,Re-contextualized empowering benchmark,Training,Balistreri Group,"Cat, kaffir",
MÃ©lanie,Expanded user-facing strategy,Legal,Conroy LLC,"Gnu, brindled",
NuÃ³,Universal grid-enabled attitude,Human Resources,"Blick, Jakubowski and Stanton",Pied kingfisher,"×‘Ö¼Ö°×¨Öµ××©×Ö´×™×ª, ×‘Ö¼Ö¸×¨Ö¸× ×Ö±×œÖ¹×”Ö´×™×, ×Öµ×ª ×”Ö·×©Ö¼×Ö¸×Ö·×™Ö´×, ×•Ö°×Öµ×ª ×”Ö¸×Ö¸×¨Ö¶×¥"
LaurÃ©lie,Robust systemic approach,Product Management,Roberts-Hintz,Fringe-eared oryx,
AndrÃ©a,Organized national extranet,Legal,"Morissette, Nitzsche and Buckridge",,
AlizÃ©e,Operative foreground help-desk,,Eichmann Group,Malabar squirrel,
EstÃ¨ve,Realigned multi-state interface,Support,Quitzon Inc,Long-finned pilot whale,
JÃº,Reduced human-resource capability,Business Development,Ebert-Batz,Japanese macaque,ãƒ½à¼¼àºˆÙ„Íœàºˆà¼½ï¾‰ ãƒ½à¼¼àºˆÙ„Íœàºˆà¼½ï¾‰ 
AnaÃ¯s,Devolved bottom-line support,Marketing,"Brakus, Lehner and Waters",Woodchuck,
DaniÃ¨le,Intuitive methodical service-desk,Business Development,Hansen Group,Ring-tailed lemur,
MÃ ,Organized needs-based architecture,Accounting,"Haley, Gusikowski and Kihn",Black-faced kangaroo,
NaÃ«lle,Switchable hybrid portal,Business Development,Sauer-Lowe,"Shrike, crimson-breasted",
AnaÃ¯s,Enhanced 3rd generation initiative,Human Resources,"Jast, Keebler and Von","Wolf, mexican",
EdmÃ©e,Intuitive needs-based process improvement,Product Management,Hand LLC,Wild boar,1E02
IntÃ©ressant,Cloned homogeneous functionalities,Services,Schmitt Group,"Squirrel, uinta ground",
MÃ©lissandre,Persevering dedicated success,Research and Development,"Bergnaum, Jakubowski and Lesch","Peacock, blue",
YÃ¡o,Total national circuit,Services,"Langosh, Ryan and Fahey",Long-tailed spotted cat,
RÃ©gine,Fully-configurable upward-trending analyzer,Product Management,Quitzon-Funk,Topi,
MÃ©n,Synergized scalable extranet,Marketing,"Stark, Rippin and Okuneva","Antechinus, brown",
AgnÃ¨s,Phased intermediate knowledge user,Human Resources,"Rolfson, Stark and Kreiger","Duiker, gray",
GÃ©raldine,Adaptive contextually-based model,Research and Development,Dickens and Sons,,
AnnotÃ©e,Profit-focused systemic standardization,Sales,Greenfelder Inc,"Beaver, european",
ThÃ©rÃ¨sa,Up-sized asymmetric complexity,Accounting,"Jacobi, Lind and Pouros",Springbuck,
LysÃ©a,Networked dynamic secured line,Marketing,Pollich-Blanda,Prairie falcon,
BÃ©cassine,Re-contextualized non-volatile archive,Legal,Kunze LLC,Indian leopard,
GisÃ¨le,Inverse 4th generation functionalities,Product Management,"Kautzer, Rolfson and Bergstrom",Praying mantis (unidentified),
ElÃ©a,Reduced analyzing concept,Services,Schowalter Group,Eurasian badger,
NaÃ«lle,Customer-focused non-volatile utilisation,Training,Cronin-Ankunding,Silver-backed jackal,
OcÃ©ane,Persevering impactful groupware,Training,Johnson-Pfeffer,Margay,
GwenaÃ«lle,Operative optimal task-force,Sales,"Mosciski, O'Kon and Skiles","Raven, cape",
EstÃ©e,Horizontal optimal forecast,Engineering,,Common palm civet,
Marie-noÃ«l,Multi-tiered mobile concept,Training,Bogan LLC,Grey fox,
LÃ©one,Future-proofed optimal website,Training,Baumbach LLC,Savannah deer,
CinÃ©ma,Proactive mission-critical budgetary management,Accounting,"O'Conner, Skiles and Cruickshank","Tern, white-winged",
AngÃ¨le,Cloned uniform utilisation,Engineering,Langworth-Borer,Gambel's quail,
Marie-Ã¨ve,Synergized incremental moratorium,Training,Spinka-Hegmann,,
BÃ©rÃ©nice,Open-architected contextually-based application,Business Development,"Schimmel, Berge and Abbott","Monkey, bleeding heart",
MÃ©lina,Vision-oriented stable framework,Accounting,Flatley-Breitenberg,Crested barbet,
CÃ©lia,Grass-roots content-based service-desk,Research and Development,"Jenkins, Jerde and Hirthe",Steller sea lion,
ClÃ©mence,Team-oriented executive synergy,Research and Development,"Yost, Bergstrom and Walker","Weaver, red-billed buffalo",
LiÃ¨,Pre-emptive leading edge toolset,Business Development,Hintz-Turner,"Reedbuck, bohor",
PÃ²,Decentralized zero defect secured line,Accounting,"Koelpin, Jaskolski and Tromp",Brush-tailed bettong,
DorothÃ©e,Intuitive web-enabled budgetary management,Research and Development,"West, Strosin and Schaefer","Dove, ring",
LÃ©ana,Distributed global workforce,Business Development,"Keebler, Cruickshank and Ward","Penguin, magellanic",
LucrÃ¨ce,Operative discrete Graphic Interface,Marketing,"Christiansen, Kuvalis and Predovic",American alligator,
GÃ©raldine,Switchable responsive analyzer,Accounting,O'Keefe-Paucek,Black-capped chickadee,
MylÃ¨ne,Reactive incremental synergy,Sales,,Northern fur seal,
ValÃ©rie,Cross-platform neutral neural-net,Training,O'Keefe-Grady,Snowy egret,
RÃ©becca,Reverse-engineered interactive hardware,Services,Prohaska Group,"Possum, pygmy",
BÃ¶rje,Integrated background emulation,Support,Gislason Inc,Bohor reedbuck,
CÃ©cilia,Synergized responsive array,Product Management,"Reichert, Pfeffer and Kihn",Glossy ibis,
LysÃ©a,Up-sized didactic secured line,Sales,"Swaniawski, Jacobi and Rice",White-tailed deer,
InÃ¨s,Team-oriented bifurcated workforce,Services,Parisian Group,Red-billed tropic bird,
AnnotÃ©e,Seamless user-facing software,Services,Champlin Inc,"Tern, white-winged",
NaÃ©va,Organic global architecture,Services,Stamm-Abshire,"Sloth, hoffman's",
LaurÃ©lie,Networked 4th generation Graphic Interface,Sales,"Yost, Lemke and Haley",Magellanic penguin,
VÃ©ronique,Open-architected bottom-line knowledge base,Human Resources,"Ankunding, Buckridge and Gaylord",Mountain lion,
AmÃ©lie,Cross-group heuristic functionalities,Training,"Koch, Berge and Von",Hudsonian godwit,
AgnÃ¨s,Re-contextualized discrete toolset,Engineering,VonRueden LLC,"Kudu, greater",
CamÃ©lia,Pre-emptive multi-state budgetary management,,Keebler-Mills,Red-capped cardinal,
IntÃ©ressant,Customizable grid-enabled core,Sales,"Rogahn, Torphy and Emard","Squirrel, thirteen-lined",
CloÃ©,Cross-group fresh-thinking info-mediaries,Engineering,Ullrich-Herman,Red-cheeked cordon bleu,
ValÃ©rie,Compatible encompassing product,Services,"Maggio, Conroy and Eichmann",Mountain duck,
MichÃ¨le,Synchronised 24/7 service-desk,Support,White Inc,Black vulture,
CrÃ©Ã©z,Grass-roots national interface,Sales,Lubowitz-Fisher,Indian jackal,
AgnÃ¨s,Future-proofed responsive collaboration,Product Management,Turner-Denesik,,
LucrÃ¨ce,Ergonomic cohesive intranet,Business Development,Johns-Parker,Bush dog,
Marie-hÃ©lÃ¨ne,Function-based bottom-line policy,Accounting,Padberg-McDermott,Little grebe,Ë™Énbá´‰lÉ ÉuÆƒÉÉ¯ ÇÉ¹olop Ê‡Ç ÇÉ¹oqÉl Ê‡n Ê‡unpá´‰pá´‰É”uá´‰ É¹odÉ¯ÇÊ‡ poÉ¯sná´‰Ç op pÇs 'Ê‡á´‰lÇ Æƒuá´‰É”sá´‰dá´‰pÉ É¹nÊ‡ÇÊ‡É”ÇsuoÉ” 'Ê‡ÇÉ¯É Ê‡á´‰s É¹olop É¯nsdá´‰ É¯ÇÉ¹oË¥
RuÃ²,Organic motivating functionalities,Legal,"Schowalter, Schumm and Torp","Kiskadee, great",ZÌ®ÌÍ…Ì Í™Í”AÌ¥Ì—ÌÍˆÌ»Ì—LÌ£Í™ÍÌ¯Ì¹ÌÍ“GÌ»OÌ­Ì—Ì®
BjÃ¶rn,Fundamental high-level forecast,Business Development,"Barton, Green and Langworth",Indian peacock,
NÃ©hÃ©mie,Fully-configurable interactive benchmark,Human Resources,,"Gecko, barking",
ElÃ©onore,Face to face multi-state algorithm,Legal,Dare and Sons,Paddy heron (unidentified),
BÃ©cassine,Configurable user-facing structure,Research and Development,Hermiston-Connelly,"Booby, masked",
MylÃ¨ne,Mandatory encompassing task-force,Training,Kshlerin-Witting,"Pheasant, ring-necked",
GisÃ¨le,Horizontal multi-state archive,Training,Rogahn-Connelly,"Rabbit, eastern cottontail",-1
MaÃ¯ly,Persevering human-resource open architecture,Research and Development,Haag and Sons,"Squirrel, grey-footed",$1.00
NadÃ¨ge,Implemented client-driven forecast,Support,Stanton-Hermann,"Eagle, tawny",
MaÃ¯tÃ©,Down-sized homogeneous task-force,Engineering,"Funk, O'Reilly and Lind",Kirk's dik dik,
ZhÃ¬,Fully-configurable discrete knowledge user,Sales,Will Inc,"Hyena, striped",(â•¯Â°â–¡Â°ï¼‰â•¯ï¸µ â”»â”â”»)  
RachÃ¨le,Diverse modular projection,Accounting,"Bayer, Barrows and Hane",Small-toothed palm civet,
YÃ©nora,Reduced optimal attitude,,"Cruickshank, Grady and Kihn","Colobus, black and white",
MaÃ«lys,Reverse-engineered bi-directional customer loyalty,Legal,"Cremin, Donnelly and Pfeffer",Ostrich,
LÃ©onie,Universal homogeneous complexity,Support,Emmerich-Upton,"Tern, white-winged",
UÃ²,Right-sized hybrid complexity,Business Development,Monahan-Moore,Kirk's dik dik,
NuÃ³,Team-oriented radical encoding,Business Development,Quitzon Group,"Ox, musk",
KuÃ­,Horizontal multimedia success,Human Resources,Nolan LLC,"Snake, green vine",
GaÃ©tane,Cloned tertiary intranet,Research and Development,Mertz-Schinner,Arctic fox,
IllustrÃ©e,Multi-lateral homogeneous monitoring,Human Resources,Ernser-Daniel,"Jackal, asiatic",
KÃ©vina,Proactive zero tolerance forecast,Services,"Wilderman, Ritchie and Hoppe","Crane, brolga",
AmÃ©lie,Down-sized even-keeled approach,Engineering,Watsica Inc,"Hyena, brown",
GÃ©raldine,Persevering modular archive,Human Resources,Wilkinson-Reynolds,Bleeding heart monkey,
DaniÃ¨le,User-friendly web-enabled concept,Support,Lueilwitz-Keebler,"Jackal, black-backed",
Ã…slÃ¶g,Profound mobile definition,Training,Nikolaus Inc,"Hoopoe, eurasian",
AimÃ©e,Secured bottom-line project,Sales,Bayer-Lehner,Neotropic cormorant,
TÃ¡n,Quality-focused well-modulated matrices,Sales,Boyle-Kshlerin,Gila monster,
LucrÃ¨ce,Innovative human-resource process improvement,Services,Von Group,"Egret, snowy",
GisÃ¨le,Multi-tiered upward-trending focus group,Research and Development,Nikolaus and Sons,"Raven, white-necked",
MÃ¤rta,Vision-oriented content-based infrastructure,Engineering,"Morissette, Grant and Rowe","Rat, white-faced tree",
LysÃ©a,Open-architected fresh-thinking benchmark,Research and Development,"Keeling, Collins and Lakin","Vulture, griffon",
ZoÃ©,Down-sized fault-tolerant concept,Legal,Swift-Carroll,"Mongoose, small indian",
GÃ©rald,Networked holistic flexibility,Marketing,Rippin Inc,"Bleu, red-cheeked cordon",
NaÃ«lle,Mandatory intangible application,Product Management,Herzog-Langosh,"Fox, savanna",
TorbjÃ¶rn,Object-based system-worthy secured line,Legal,"Collins, Wisoky and Williamson","Trumpeter, green-winged",
PÃ©nÃ©lope,Mandatory real-time project,Engineering,Larkin-Bashirian,White-headed vulture,
LorÃ¨ne,Mandatory national website,Legal,Douglas-Terry,"Macaw, green-winged",
PersonnalisÃ©e,Compatible modular solution,Support,Friesen and Sons,,
AnaÃ«l,Organized exuding process improvement,Legal,Blanda LLC,"Kangaroo, western grey",
CÃ©cile,Cross-platform actuating framework,Research and Development,"Cummerata, Kulas and Ratke",Tailless tenrec,
CÃ©cilia,Implemented interactive success,Services,Towne LLC,"Mynah, common",
PÃ²,Pre-emptive context-sensitive initiative,Product Management,"Wilkinson, Luettgen and Cole",Black vulture,ì‚¬íšŒê³¼í•™ì› ì–´í•™ì—°êµ¬ì†Œ
VÃ©rane,Decentralized bifurcated protocol,Marketing,"Weimann, Zulauf and Ondricka",Giant armadillo,
MichÃ¨le,Universal systematic access,Training,,"Squirrel, richardson's ground",
EliÃ¨s,Re-engineered leading edge concept,Accounting,"Konopelski, Rolfson and Bruen",Chuckwalla,
FaÃ®tes,Multi-layered composite collaboration,Business Development,Krajcik LLC,Scottish highland cow,
RÃ¡o,Configurable client-driven customer loyalty,Product Management,Rosenbaum-Little,,
CÃ©lia,Profound heuristic parallelism,Human Resources,Gleason-Brekke,"Turtle, snake-necked",
MaÃ«line,Versatile tangible customer loyalty,Human Resources,"Bergstrom, Quigley and Graham","Crow, house",
MÃ©line,Mandatory local instruction set,Engineering,Franecki Inc,"Dragon, ornate rock",
Marie-Ã¨ve,Versatile interactive system engine,Accounting,Bruen and Sons,Common genet,
ZoÃ©,Switchable 24/7 conglomeration,Business Development,,Arctic hare,
LaurÃ©lie,Phased empowering access,Product Management,Langworth and Sons,African polecat,
JÃº,Enterprise-wide intermediate data-warehouse,Business Development,Stanton LLC,"Chipmunk, least",Ì¦HÍÌ¬Ì¤Ì—Ì¤eÍœ ÍÌœÌ¥ÌÌ»ÍÌŸwÌ•hÌ–Ì¯Í“oÌÍ™Ì–ÍÌ±Ì® Ò‰ÌºÌ™ÌÌŸÍˆWÌ·Ì¼Ì­aÌºÌªÍiÌ¨ÍˆÍ•Ì­Í™Ì¯ÌœtÌ¶Ì¼Ì®sÌ•Ì˜Í™Í– Ì Ì«Ì BÌ»ÍÍ…Í™Í‰Ì³eÌµhÌµÌ¬Í‡Ì«Í™iÌ•Ì¹Í“Ì³Ì³Ì®ÍÌ«nÍŸdÌ´ÌªÌœÌ– ÍÌ°Í‰Ì©Í…Í‡Í™Ì²TÍ¢Í–Ì¼Í“ÌªhÍÍ“Ì®Ì»eÌ¬ÌÍ…ÌŸ Ì¤Ì¹ÌWÍÍ…Í™ÌÌÍ”Í‡aÍÍ“Í”Ì¹Ì¼Ì£lÌ´Í”Ì°Ì¤ÌŸÍ”lÌ­Ì«.Í•
NadÃ¨ge,Phased explicit Graphical User Interface,Research and Development,Hartmann-Bartell,Horned lark,
MarylÃ¨ne,Universal background core,Training,Franecki-Stracke,Field flicker,
YÃ¡o,Versatile 5th generation strategy,,"Bradtke, Runolfsson and Stehr","Cat, toddy",
AndrÃ©e,Future-proofed responsive superstructure,Support,"Buckridge, Sanford and Hayes","Dolphin, striped",
RÃ©gine,Seamless explicit software,Legal,Nitzsche and Sons,Australian magpie,
NuÃ³,Public-key dedicated hardware,Marketing,"Krajcik, Grimes and Skiles",Coke's hartebeest,
YÃ©nora,Re-engineered optimal process improvement,Legal,Halvorson-Lubowitz,Australian sea lion,""""
NoÃ©mie,Total systematic productivity,Marketing,,"Lemur, sportive",
SimplifiÃ©s,Visionary bandwidth-monitored archive,Business Development,"Jacobi, Ernser and Weber","Penguin, magellanic",
EsbjÃ¶rn,Function-based non-volatile utilisation,Training,"Windler, Gerlach and Cronin","Parrot, hawk-headed",
LÃ i,Multi-channelled upward-trending moratorium,Training,Kling Group,Bushpig,
AmÃ©lie,Organized 6th generation workforce,Product Management,Jenkins Group,"Cobra, egyptian",
MÃ©lodie,Optimized tertiary initiative,Engineering,"Metz, Hammes and Okuneva",Pale white-eye,
GaÃ«lle,Phased coherent neural-net,,Legros and Sons,"Moorhen, purple",
Marie-franÃ§oise,Proactive grid-enabled project,Support,"Bogan, Weber and Wisoky","Rhinoceros, black",
EsbjÃ¶rn,Function-based even-keeled Graphic Interface,,Schuster-Weber,"Bandicoot, short-nosed",
FranÃ§oise,Upgradable foreground intranet,Business Development,Stoltenberg-Grimes,"Eagle, bald",
LÃ©ane,Proactive demand-driven local area network,Support,"Herman, Hilll and Blanda","Kingfisher, malachite",
KÃ¹,Front-line user-facing service-desk,,"Lindgren, Halvorson and Johnson","Brocket, red",
MaÃ¯ly,Networked composite challenge,Accounting,Blick Inc,"Finch, common melba",
KÃ¹,Stand-alone content-based project,Research and Development,"Gerhold, Borer and Conn",Green-backed heron,
UÃ²,Open-source interactive array,Accounting,Auer and Sons,Sloth bear,
MarylÃ¨ne,Pre-emptive systemic emulation,Research and Development,"Stark, Rohan and Weimann","Ibis, glossy",
CÃ©lia,Implemented leading edge matrix,Support,O'Kon-Deckow,"Creeper, black-tailed tree",
FrÃ©dÃ©rique,Synchronised hybrid website,Support,Tillman and Sons,White-winged tern,
SÃ©lÃ¨ne,Sharable bandwidth-monitored customer loyalty,Support,Johns-Ortiz,Peregrine falcon,
LoÃ¯ca,Robust client-server instruction set,Engineering,Kerluke-Gutkowski,Australian magpie,
ClÃ©mence,Vision-oriented fresh-thinking frame,Legal,"Jacobson, Considine and Becker",Eastern boa constrictor,
LÃ©ana,Reduced grid-enabled productivity,Business Development,Tillman-Boyle,"Porcupine, north american",
ThÃ©rÃ¨se,Reverse-engineered intangible encoding,Legal,Murazik-Metz,"Zebra, plains",
AnnotÃ©e,Up-sized client-driven analyzer,Services,Champlin and Sons,Grey phalarope,
InÃ¨s,Configurable web-enabled archive,Legal,"Feil, Jerde and Stracke",King cormorant,
RÃ©servÃ©s,Synchronised 24 hour array,Support,Mann-Barrows,"Pelican, australian",
LysÃ©a,Centralized grid-enabled access,Support,Ondricka-Ziemann,Russian dragonfly,
GarÃ§on,Synchronised systematic matrix,Research and Development,,Black and white colobus,
PublicitÃ©,Cross-group upward-trending software,Legal,"Barton, Welch and Balistreri",Hyrax,1E2
BÃ©rengÃ¨re,Innovative optimal synergy,Human Resources,Stehr-Jerde,"Deer, savannah",
MarlÃ¨ne,Phased actuating Graphic Interface,Marketing,Kling LLC,"Antelope, roan",
MaÃ¯,Ergonomic 4th generation system engine,Legal,Nitzsche and Sons,"Devil, tasmanian",
AimÃ©e,Networked intangible concept,,"Raynor, Boyer and Corwin","Skink, african",
NÃ©hÃ©mie,Organized scalable capacity,Sales,"Conroy, Howell and Bayer","Bleu, red-cheeked cordon",
MÃ©ghane,Up-sized discrete time-frame,Sales,"McGlynn, Lehner and Williamson",White-cheeked pintail,
GÃ¶sta,Inverse bifurcated function,Engineering,"Roberts, Nader and Keeling","Baboon, yellow",
Marie-thÃ©rÃ¨se,Cross-group 4th generation project,Training,Treutel Inc,Slender loris,
AnnotÃ©s,Polarised 3rd generation portal,Research and Development,,"Porcupine, african",
VÃ©rane,Virtual 4th generation open architecture,Sales,Tromp Inc,"Monkey, red howler",
AnaÃ«lle,Multi-lateral empowering artificial intelligence,Research and Development,"Schroeder, Abbott and Wunsch","Snake, eastern indigo",
LÃ©andre,Integrated neutral frame,Sales,"O'Keefe, Ortiz and Casper","Heron, little",
AdÃ¨le,Organized actuating projection,Marketing,Crist Group,Indian red admiral,
MaÃ«lann,Balanced 5th generation function,Product Management,Ruecker Inc,,
JudicaÃ«l,Monitored composite service-desk,Training,Lubowitz-Miller,Great egret,
LÃ©ane,Ergonomic analyzing archive,Sales,"Schowalter, Jacobs and Ziemann","Civet, small-toothed palm",
Marie-hÃ©lÃ¨ne,Devolved background hierarchy,,Okuneva-Mitchell,Giant anteater,
MaÃ«lyss,Stand-alone empowering initiative,Marketing,"Sauer, Mayert and Thompson",Alpaca,-1.00
RÃ¡o,Automated non-volatile encryption,Support,Rice and Sons,Sun gazer,
EstÃ©e,Reverse-engineered mission-critical internet solution,Training,Thompson LLC,"Glider, squirrel","<>?:""{}|_+"
HÃ¥kan,Ameliorated bi-directional hardware,Research and Development,"Osinski, Gleason and Crooks","Crake, african black",
MichÃ¨le,Virtual bandwidth-monitored standardization,Training,Walker-Robel,Long-tailed spotted cat,
BÃ¶rje,Devolved composite data-warehouse,Product Management,Kirlin and Sons,,
MaÃ©na,Up-sized composite instruction set,Research and Development,Moen-Herman,"Bee-eater, carmine",
ZoÃ©,Total multi-tasking orchestration,Support,"Hodkiewicz, Rau and Ernser","Heron, striated",
AdÃ©lie,Team-oriented logistical productivity,Marketing,White-Beier,Indian red admiral,
KallistÃ©,Open-architected eco-centric workforce,Research and Development,Cormier and Sons,"Blackbird, red-winged",
SalomÃ©,Vision-oriented mission-critical definition,Business Development,"Walsh, Brekke and Berge","Monster, gila",
CinÃ©ma,Sharable local throughput,Legal,"Brakus, Ullrich and Hoeger","Avocet, pied",ğ œğ œ±ğ ¹ğ ±“ğ ±¸ğ ²–ğ ³
Marie-Ã¨ve,Fully-configurable 5th generation projection,Product Management,Parisian-Willms,Pacific gull,
PÃ©lagie,Enhanced 24/7 flexibility,Accounting,Rice and Sons,"Woodpecker, downy",
BÃ¶rje,Reduced modular projection,Engineering,Hackett-Macejkovic,"Weaver, chestnut",
NaÃ«lle,Optional client-driven database,Business Development,"Ledner, Pfannerstill and Wisozk",Scaly-breasted lorikeet,
GÃ©rald,Adaptive value-added toolset,Support,Kozey-Klocko,"Lion, south american sea",
StÃ©vina,Reverse-engineered 5th generation task-force,,,"Iguana, land",
AndrÃ©anne,Fundamental responsive initiative,Engineering,Windler Group,Malleefowl,
RÃ©becca,Multi-tiered cohesive local area network,Sales,Kozey-Bernier,Grant's gazelle,
DÃ ,Progressive 24 hour middleware,Business Development,"DuBuque, Bernhard and Koss",Black-capped chickadee,"Ø«Ù… Ù†ÙØ³ Ø³Ù‚Ø·Øª ÙˆØ¨Ø§Ù„ØªØ­Ø¯ÙŠØ¯ØŒ, Ø¬Ø²ÙŠØ±ØªÙŠ Ø¨Ø§Ø³ØªØ®Ø¯Ø§Ù… Ø£Ù† Ø¯Ù†Ùˆ. Ø¥Ø° Ù‡Ù†Ø§ØŸ Ø§Ù„Ø³ØªØ§Ø± ÙˆØªÙ†ØµÙŠØ¨ ÙƒØ§Ù†. Ø£Ù‡Ù‘Ù„ Ø§ÙŠØ·Ø§Ù„ÙŠØ§ØŒ Ø¨Ø±ÙŠØ·Ø§Ù†ÙŠØ§-ÙØ±Ù†Ø³Ø§ Ù‚Ø¯ Ø£Ø®Ø°. Ø³Ù„ÙŠÙ…Ø§Ù†ØŒ Ø¥ØªÙØ§Ù‚ÙŠØ© Ø¨ÙŠÙ† Ù…Ø§, ÙŠØ°ÙƒØ± Ø§Ù„Ø­Ø¯ÙˆØ¯ Ø£ÙŠ Ø¨Ø¹Ø¯, Ù…Ø¹Ø§Ù…Ù„Ø© Ø¨ÙˆÙ„Ù†Ø¯Ø§ØŒ Ø§Ù„Ø¥Ø·Ù„Ø§Ù‚ Ø¹Ù„ Ø¥ÙŠÙˆ."
KuÃ­,Reduced tangible circuit,Engineering,Weber LLC,Mandras tree shrew,
NÃ©hÃ©mie,Virtual zero administration emulation,Engineering,"Schuster, Kunde and Nolan","Bleu, blue-breasted cordon",
BÃ©rangÃ¨re,Balanced secondary local area network,Research and Development,Gottlieb Group,,ğŸ˜
AlmÃ©rinda,Grass-roots 24/7 monitoring,Sales,"Bergnaum, Wiza and Kutch","Flamingo, greater",
BÃ©nÃ©dicte,Vision-oriented cohesive success,Engineering,Jerde and Sons,,
AnaÃ¯s,Open-architected client-driven utilisation,Training,,Common palm civet,
TÃ¡n,Managed methodical local area network,Sales,Skiles-Medhurst,White-winged black tern,
PersonnalisÃ©e,Customer-focused methodical application,Sales,"Kerluke, King and Ferry",Tammar wallaby,
ChloÃ©,Fundamental background focus group,Sales,Rohan Group,Yellow mongoose,
YÃ¨,Function-based regional instruction set,Human Resources,"Bashirian, Hegmann and Mosciski","Otter, cape clawless",
UÃ²,Networked explicit extranet,,Kirlin and Sons,European red squirrel,
Ã…ke,Polarised asynchronous interface,Research and Development,"Emard, Huel and Schneider",Anaconda (unidentified),
LaÃ¯la,Cross-group context-sensitive system engine,Human Resources,Bauch-Brekke,"Kookaburra, laughing",
VÃ©ronique,Multi-tiered fault-tolerant parallelism,Engineering,Schuppe-Huel,"Sheep, stone",
MaÃ«ly,Phased maximized standardization,Marketing,O'Connell and Sons,"Dik, kirk's dik",
BÃ©atrice,Progressive optimizing support,,Doyle-Wintheiser,"Baboon, yellow",
NadÃ¨ge,Inverse clear-thinking service-desk,Training,Hahn-Marks,"Marshbird, brown and yellow",
NuÃ³,Fundamental optimizing adapter,,"Volkman, Bechtelar and McClure",,
MÃ©lina,Multi-layered systematic methodology,Sales,Witting-Bode,"Wolf, common",
CunÃ©gonde,Synchronised fresh-thinking ability,Legal,Bergstrom and Sons,"Falcon, peregrine",
AnnotÃ©s,Profound well-modulated capability,Support,Mosciski-McCullough,Groundhog,
JudicaÃ«l,Innovative 6th generation solution,Support,"Jast, Brown and Friesen","Whale, killer",
AndrÃ©e,Inverse even-keeled matrices,Services,"Dickinson, Heaney and Orn",Mule deer,
MaÃ«lyss,Balanced scalable Graphic Interface,Human Resources,"Jast, Keeling and Lehner",Sandhill crane,
AgnÃ¨s,Decentralized eco-centric hierarchy,Marketing,Gorczany LLC,South American puma,
IllustrÃ©e,Public-key responsive extranet,Marketing,"Johnson, Howe and Wyman",Water moccasin,
NaÃ«lle,Universal human-resource success,Accounting,,"Butterfly, canadian tiger swallowtail",
AnnotÃ©e,Stand-alone composite Graphical User Interface,Business Development,"Haag, Hayes and Kautzer","Oystercatcher, blackish",
KÃ©vina,Phased disintermediate artificial intelligence,Marketing,Schuster-Stamm,Southern sea lion,
BÃ©nÃ©dicte,Down-sized systemic internet solution,Product Management,Zemlak-Metz,"Bee-eater, white-fronted",
Marie-franÃ§oise,Customizable static neural-net,Sales,Langworth-Glover,"Beaver, eurasian",
OphÃ©lie,Expanded content-based paradigm,Business Development,,Greylag goose,
AnnotÃ©s,Object-based real-time analyzer,Marketing,"Johnston, Hyatt and Kub",,
EloÃ¯se,Public-key cohesive moderator,Support,Luettgen-Stoltenberg,"Beaver, american",ï½€ï½¨(Â´âˆ€ï½€âˆ©
MÃ©line,Open-source asynchronous encryption,Sales,Feil and Sons,"White-eye, cape",
TÃº,Open-architected incremental solution,Sales,Considine LLC,Gecko (unidentified),
AngÃ©lique,Profound high-level task-force,Training,Satterfield LLC,Tropical buckeye butterfly,
LÃ©ane,Re-engineered client-server concept,Support,Gerlach Group,"Jackal, silver-backed",<svg><script>0<1>alert('XSS')</script>
CÃ©cile,Persistent holistic algorithm,Sales,"Ruecker, Kohler and Purdy",Rufous tree pie,
MilÃ©na,Front-line heuristic success,Product Management,,"Gecko, bent-toed",
FranÃ§oise,Assimilated background capacity,Accounting,"Crooks, Flatley and Borer","Crab, red lava",
SÃ©lÃ¨ne,Automated regional structure,Support,Lehner-Lubowitz,"Mockingbird, galapagos",
ChloÃ©,User-centric hybrid system engine,Support,"Haley, Bartell and Ortiz","Monster, gila",
KÃ©vina,Open-architected uniform pricing structure,Training,"Ebert, Stroman and Homenick","Cat, civet",
KuÃ­,Streamlined reciprocal support,Legal,Littel-Gerhold,South American puma,
AmÃ©lie,Operative intangible knowledge base,Research and Development,"Ryan, Satterfield and Rosenbaum",Roseate cockatoo,
ZoÃ©,Customizable non-volatile projection,Training,Abshire-Nolan,African bush squirrel,
ElÃ©onore,Seamless system-worthy database,Support,Satterfield-Boyle,Red phalarope,
MarylÃ¨ne,Progressive 5th generation definition,Marketing,"Hills, Feeney and Zulauf",Blue and yellow macaw,
MarlÃ¨ne,Universal hybrid moratorium,Services,Lehner-Anderson,"Brocket, brown",
MaÃ«lann,Streamlined neutral budgetary management,Business Development,,"Stork, woolly-necked",
RÃ¡o,Extended disintermediate hierarchy,Sales,Rippin Inc,Scarlet macaw,
SalomÃ©,Sharable didactic frame,Legal,Jakubowski-Anderson,"Parakeet, rose-ringed",
BÃ©nÃ©dicte,Fundamental explicit throughput,Research and Development,,"Dog, african wild",
AndrÃ©anne,Fundamental attitude-oriented Graphic Interface,Legal,White Group,,
LysÃ©a,Enhanced systemic structure,Business Development,Douglas Inc,Dingo,
BÃ©atrice,Up-sized clear-thinking policy,Marketing,"Denesik, Upton and Feil",Crab-eating fox,
Marie-Ã¨ve,Extended multi-tasking framework,Services,Gutkowski Inc,"Rattlesnake, horned",ZÌ®ÌÍ…Ì Í™Í”AÌ¥Ì—ÌÍˆÌ»Ì—LÌ£Í™ÍÌ¯Ì¹ÌÍ“GÌ»OÌ­Ì—Ì®
LÃ¨i,Organized stable moratorium,Research and Development,"Becker, Hettinger and Mitchell",White-throated monitor,
MaÃ¯ly,Secured composite project,Services,Zieme LLC,Brush-tailed phascogale,
PÃ©nÃ©lope,Universal eco-centric alliance,Accounting,Marks-Murazik,"Anteater, australian spiny",
BÃ©cassine,Multi-channelled needs-based secured line,Engineering,Walsh-Rowe,,
ElÃ©onore,Enterprise-wide hybrid concept,Accounting,Pollich and Sons,"White-eye, cape",
ElÃ©a,Open-source context-sensitive collaboration,Product Management,"Bogan, Cremin and Terry",Gray duiker,
EliÃ¨s,Right-sized context-sensitive moderator,Product Management,"Crona, Bernhard and Powlowski","Kudu, greater",0.00
AlmÃ©rinda,Advanced heuristic Graphic Interface,Engineering,Tromp-Harvey,"Dog, african wild",â¤ï¸ ğŸ’” ğŸ’Œ ğŸ’• ğŸ’ ğŸ’“ ğŸ’— ğŸ’– ğŸ’˜ ğŸ’ ğŸ’Ÿ ğŸ’œ ğŸ’› ğŸ’š ğŸ’™
MarylÃ¨ne,Quality-focused scalable core,Services,"Wiza, DuBuque and Wisoky",Kongoni,
LÃ¨i,Business-focused client-server flexibility,Training,"Renner, Lueilwitz and Abernathy","Salmon, sockeye","<>?:""{}|_+"
HÃ¥kan,Robust fresh-thinking open system,Accounting,Schmitt-Ondricka,Horned lark,
PublicitÃ©,Multi-lateral dedicated intranet,Research and Development,"McGlynn, Sawayn and Zieme",Common langur,
AngÃ¨le,Cross-platform 5th generation application,Engineering,"Farrell, Ortiz and Champlin",Brush-tailed bettong,
DorothÃ©e,Synchronised dynamic emulation,Marketing,Connelly-Wisozk,"Wombat, common",
KallistÃ©,Multi-channelled full-range alliance,Support,"Labadie, Schimmel and Graham",Coqui francolin,
MaÃ«lyss,Versatile maximized firmware,Engineering,"Parisian, Schinner and Jenkins",Common nighthawk,
MaÃ«lyss,Reverse-engineered bifurcated local area network,Support,Sporer LLC,Ibex,
PÃ©nÃ©lope,Implemented 6th generation superstructure,Marketing,"Friesen, Schultz and Herman",,
IllustrÃ©e,Organized asynchronous project,Product Management,Haag-Huels,"Stork, greater adjutant",Ã¥ÃŸâˆ‚Æ’Â©Ë™âˆ†ËšÂ¬â€¦Ã¦
JosÃ©phine,Streamlined 5th generation model,Marketing,Miller-Goodwin,Woolly-necked stork,
DaniÃ¨le,Synchronised contextually-based project,Training,Hoeger-Rohan,"Duck, white-faced whistling",
CinÃ©ma,Fundamental responsive conglomeration,Business Development,Ebert and Sons,Superb starling,
JudicaÃ«l,Networked exuding framework,Human Resources,Fay-Pfannerstill,"Trumpeter, green-winged",
MaÃ«lys,Upgradable clear-thinking success,Sales,"Swaniawski, Waelchi and Lindgren",,
AndrÃ©e,Cross-group stable contingency,Marketing,,,
StÃ©vina,Versatile leading edge process improvement,Accounting,Bradtke LLC,"Swan, black",
AndrÃ©e,Monitored incremental complexity,Services,Feil-Stracke,Bare-faced go away bird,
PublicitÃ©,Assimilated 5th generation core,Research and Development,Kerluke-Hamill,Spur-winged goose,â°â´âµâ‚€â‚â‚‚
MagdalÃ¨ne,Multi-tiered dynamic methodology,Support,Sporer Inc,Snake (unidentified),
MagdalÃ¨ne,Open-architected multi-tasking matrix,Sales,Raynor-Anderson,Ostrich,
ElÃ©a,Business-focused actuating artificial intelligence,Marketing,"Monahan, Abernathy and Kirlin",Frilled lizard,
AudrÃ©anne,Visionary bottom-line function,Engineering,"Braun, Leannon and Padberg","Squirrel, golden-mantled ground",ğŸ˜
MagdalÃ¨ne,Vision-oriented mobile interface,Legal,Ullrich Group,"Hyena, spotted",
EstÃ©e,Ergonomic discrete hierarchy,Business Development,"Ritchie, Hauck and Haley",Snowy owl,
RÃ©servÃ©s,Object-based asymmetric budgetary management,Training,Breitenberg-Nitzsche,"Dove, rock",
LaurÃ©na,Operative transitional local area network,Support,Metz-Hilpert,"Macaw, green-winged",
ClÃ©mentine,Cloned high-level hub,Legal,Shields-Harris,"Deer, roe",
EsbjÃ¶rn,Reduced content-based info-mediaries,Business Development,O'Hara LLC,"Crane, blue",
YÃ¡o,Total mobile contingency,Engineering,"Harber, Koepp and Ward",Pale white-eye,
NoÃ«lla,Fundamental human-resource internet solution,Legal,Bruen-Harber,Green heron,
YÃ³u,Cross-platform uniform secured line,Business Development,"Rodriguez, Bode and Schneider",Magellanic penguin,
AnaÃ«l,Front-line intermediate encoding,Engineering,Fahey Inc,"Penguin, fairy",
KÃ©vina,Fully-configurable national capacity,Training,"Von, Schiller and Cummerata",Western grey kangaroo,-1E02
MaÃ¯lys,Future-proofed uniform portal,Sales,"Runte, Roberts and Medhurst",Greater blue-eared starling,
GÃ¶sta,Assimilated dedicated open architecture,Services,Dicki-Smitham,Sun gazer,
ClÃ©mentine,Front-line mission-critical circuit,Engineering,Bradtke-Blanda,"Siskin, yellow-rumped",ãƒ»(ï¿£âˆ€ï¿£)ãƒ»:*:
NoÃ«lla,Public-key mobile protocol,Marketing,"Mueller, Krajcik and Becker","Lion, south american sea",
IrÃ¨ne,Extended high-level solution,Services,Christiansen Group,Two-toed tree sloth,
FÃ©licie,Managed demand-driven process improvement,,"Marvin, Ankunding and Cartwright",Neotropic cormorant,
Marie-franÃ§oise,Multi-tiered human-resource functionalities,Accounting,"Mertz, Rau and Reynolds",Blue racer,
GÃ¶ran,Ameliorated exuding service-desk,Legal,Parker-Hansen,Bat-eared fox,
DaphnÃ©e,Up-sized 6th generation local area network,Product Management,"Green, Batz and Nicolas","Skua, great",
OcÃ©anne,Customizable clear-thinking success,Product Management,Hessel-Morissette,"Dolphin, common",
MÃ©lina,Extended uniform architecture,Support,"Shields, Stracke and Swaniawski","Sloth, two-toed tree",
MylÃ¨ne,Optional even-keeled support,Legal,Hilll-Kilback,,
CunÃ©gonde,Universal scalable installation,Sales,Weissnat Group,Southern white-crowned shrike,
MÃ¥rten,Inverse attitude-oriented emulation,Research and Development,Spencer and Sons,South African hedgehog,
SÃ²ng,Secured didactic project,Research and Development,"Cremin, Keeling and Borer",Oriental white-backed vulture,
CÃ©cile,Secured secondary installation,Engineering,Marks-Quitzon,Black-backed magpie,
NadÃ¨ge,Exclusive optimizing model,,Bartoletti-Effertz,Long-finned pilot whale,
AlizÃ©e,Implemented context-sensitive secured line,Sales,Macejkovic-Crooks,White-throated robin,
JosÃ©phine,Advanced discrete system engine,Research and Development,Oberbrunner Inc,"Dolphin, striped",
GÃ©raldine,Optional client-driven customer loyalty,Accounting,"Mosciski, Volkman and Weissnat",Currasow (unidentified),ï¼‘ï¼’ï¼“
AlmÃ©rinda,Diverse human-resource orchestration,Training,Auer Inc,Sage hen,
EstÃ¨ve,Future-proofed mission-critical methodology,Marketing,Bernier-Dach,White-fronted capuchin,
VÃ©nus,Integrated incremental approach,Engineering,Stamm-Heller,,
MaÃ«ly,Up-sized analyzing info-mediaries,Research and Development,"Hagenes, Sanford and Walsh","Hornbill, leadbeateri's ground",
MÃ©lissandre,Virtual system-worthy time-frame,Training,Glover-Wuckert,Blesbok,ï»¿
LÃ¨i,Versatile actuating help-desk,Research and Development,Spencer and Sons,Silver gull,
Marie-noÃ«l,Integrated explicit time-frame,Human Resources,"Feeney, Runolfsson and Sanford",Steller's sea lion,
SimplifiÃ©s,Ameliorated background open architecture,Support,Larkin-Becker,"Monkey, black spider",
AngÃ¨le,User-centric uniform ability,Marketing,Marquardt-Wuckert,Indian giant squirrel,
ZhÃ¬,Universal client-server model,Accounting,Walsh Inc,"Macaque, pig-tailed",
LÃ i,Customer-focused 6th generation knowledge base,Sales,Mante-Moen,Common rhea,
NuÃ³,Implemented responsive installation,Marketing,Nienow Group,South American puma,../../../../../../../../../../../etc/hosts
KuÃ­,Up-sized needs-based access,Legal,Wintheiser LLC,"Peacock, blue",
HÃ©lÃ¨na,Robust bifurcated data-warehouse,Accounting,Metz Inc,Bottle-nose dolphin,
GÃ©raldine,Exclusive discrete website,Engineering,Jerde Inc,Margay,
BÃ¶rje,Automated directional adapter,Human Resources,"Casper, Connelly and Cremin","Cat, african wild",
CrÃ©Ã©z,Grass-roots interactive challenge,Support,Gleason Group,Black curlew,
GeneviÃ¨ve,Enhanced fresh-thinking synergy,Support,"McGlynn, Sporer and Ferry","Squirrel, african bush",
MÃ¥ns,Business-focused didactic portal,Research and Development,Pfeffer-Kerluke,"Stork, painted",
OcÃ©ane,Exclusive actuating knowledge user,Product Management,Lynch Inc,Osprey,
LÃ©onore,Distributed mobile throughput,Accounting,Tremblay LLC,"Bustard, kori",
RuÃ¬,Profit-focused leading edge middleware,Sales,Baumbach-Schultz,Little heron,
SimplifiÃ©s,Optional systemic policy,Services,Will-Stracke,"Lynx, african",
DÃ ,Horizontal radical archive,Marketing,,"Cow, scottish highland",
